Timestamp,Sequence,Accel_X,Accel_Y,Accel_Z,Gyro_X,Gyro_Y,Gyro_Z,Temperature,Pressure,CRC
2026-08-07 14:17:08.235,24620,0.053955078125,-0.03125,0.985107421875,0.7251908183097839,3.251908302307129,-0.09923664480447769,31.809999465942383,902.7597045898438,24402
2026-08-07 14:17:08.255,24621,0.052001953125,-0.023681640625,0.98974609375,0.5267175436019897,3.1679389476776123,-0.3129771053791046,31.809999465942383,902.7597045898438,537
2026-08-07 14:17:08.275,24622,0.054443359375,-0.024658203125,0.99072265625,0.5648854970932007,3.251908302307129,-0.05343511328101158,31.809999465942383,902.7601318359375,63496
2026-08-07 14:17:08.295,24623,0.049560546875,-0.025146484375,0.986572265625,0.45038166642189026,3.3740458488464355,0.28244274854660034,31.809999465942383,902.7601318359375,33191
2026-08-07 14:17:08.315,24624,0.052978515625,-0.02490234375,0.990478515625,0.5343511700630188,3.213740348815918,-0.05343511328101158,31.809999465942383,902.7601318359375,8420
2026-08-07 14:17:08.335,24625,0.056396484375,-0.02392578125,0.98583984375,0.6793892979621887,3.3816792964935303,0.06870228797197342,31.809999465942383,902.7601318359375,58280
2026-08-07 14:17:08.355,24626,0.053955078125,-0.02880859375,0.986572265625,0.6183205842971802,3.1603052616119385,-0.06106870248913765,31.809999465942383,902.7601318359375,34022
2026-08-07 14:17:08.375,24627,0.054931640625,-0.024658203125,0.98291015625,0.6412213444709778,3.3740458488464355,-0.022900763899087906,31.809999465942383,902.7500610351562,65394
2026-08-07 14:17:08.395,24628,0.049560546875,-0.025390625,0.992431640625,0.694656491279602,3.3358778953552246,0.1221374049782753,31.809999465942383,902.7500610351562,11184
2026-08-07 14:17:08.415,24629,0.053466796875,-0.0244140625,0.985595703125,0.5648854970932007,3.358778715133667,0.12977099418640137,31.809999465942383,902.7500610351562,59769
2026-08-07 14:17:08.435,24630,0.052490234375,-0.02392578125,0.990478515625,0.7938931584358215,3.14503812789917,0.015267175622284412,31.809999465942383,902.7500610351562,47021
2026-08-07 14:17:08.456,24631,0.0517578125,-0.026611328125,0.988525390625,0.2442748099565506,3.0839693546295166,-0.20610687136650085,31.809999465942383,902.7081298828125,307
2026-08-07 14:17:08.475,24632,0.050048828125,-0.02490234375,0.98583984375,0.5648854970932007,3.106870174407959,0.0,31.809999465942383,902.7081298828125,20032
2026-08-07 14:17:08.495,24633,0.05224609375,-0.025634765625,0.981689453125,0.2748091518878937,3.282442808151245,0.06870228797197342,31.809999465942383,902.7081298828125,64258
2026-08-07 14:17:08.515,24634,0.055419921875,-0.02734375,0.985595703125,0.6412213444709778,3.114503860473633,-0.06870228797197342,31.809999465942383,902.7081298828125,31970
2026-08-07 14:17:08.535,24635,0.0517578125,-0.029541015625,0.982666015625,0.7938931584358215,3.503816843032837,0.0,31.809999465942383,902.7081298828125,62603
2026-08-07 14:17:08.556,24636,0.05078125,-0.025146484375,0.98974609375,0.7022900581359863,2.9847328662872314,-0.015267175622284412,31.809999465942383,902.7164916992188,32179
2026-08-07 14:17:08.575,24637,0.05126953125,-0.025146484375,0.98095703125,0.5648854970932007,3.183206081390381,0.05343511328101158,31.809999465942383,902.7164916992188,54433
2026-08-07 14:17:08.595,24638,0.05126953125,-0.02294921875,0.98681640625,0.7938931584358215,3.4122138023376465,0.1450381726026535,31.809999465942383,902.7164916992188,23952
2026-08-07 14:17:08.615,24639,0.053466796875,-0.02783203125,0.9853515625,0.694656491279602,3.0152671337127686,0.007633587811142206,31.809999465942383,902.7164916992188,23811
2026-08-07 14:17:08.635,24640,0.04833984375,-0.02294921875,0.987548828125,0.6030534505844116,3.503816843032837,-0.06870228797197342,31.809999465942383,902.7164916992188,986
2026-08-07 14:17:08.656,24641,0.05029296875,-0.024658203125,0.984130859375,0.5648854970932007,3.2061069011688232,-0.10687022656202316,31.809999465942383,902.7631225585938,3027
2026-08-07 14:17:08.675,24642,0.054443359375,-0.02685546875,0.990234375,0.5267175436019897,3.183206081390381,0.11450381577014923,31.809999465942383,902.7631225585938,4843
2026-08-07 14:17:08.695,24643,0.0576171875,-0.02490234375,0.987060546875,0.37404578924179077,3.1297709941864014,-0.1679389327764511,31.809999465942383,902.7631225585938,5087
2026-08-07 14:17:08.715,24644,0.0576171875,-0.021484375,0.98486328125,0.48091602325439453,3.5954198837280273,0.17557251453399658,31.809999465942383,902.7631225585938,44529
2026-08-07 14:17:08.735,24645,0.055419921875,-0.025146484375,0.982666015625,0.6412213444709778,3.1908397674560547,-0.038167938590049744,31.809999465942383,902.7631225585938,33443
2026-08-07 14:17:08.756,24646,0.05615234375,-0.0283203125,0.98681640625,0.572519063949585,3.4503817558288574,-0.05343511328101158,31.809999465942383,902.7600708007812,39142
2026-08-07 14:17:08.775,24647,0.051025390625,-0.028076171875,0.982177734375,0.6106870174407959,3.175572633743286,-0.07633587718009949,31.809999465942383,902.7600708007812,50111
2026-08-07 14:17:08.795,24648,0.05126953125,-0.0263671875,0.98583984375,0.7862595319747925,3.1984732151031494,0.038167938590049744,31.809999465942383,902.7600708007812,41857
2026-08-07 14:17:08.815,24649,0.053466796875,-0.02587890625,0.98388671875,0.6106870174407959,3.3358778953552246,-0.13740457594394684,31.809999465942383,902.7600708007812,50843
2026-08-07 14:17:08.835,24650,0.052978515625,-0.0244140625,0.982177734375,0.5954198241233826,3.2671756744384766,-0.08396946638822556,31.809999465942383,902.7600708007812,16699
2026-08-07 14:17:08.855,24651,0.05126953125,-0.029052734375,0.989013671875,0.7480915784835815,3.427480936050415,0.015267175622284412,31.809999465942383,902.7600708007812,37117
2026-08-07 14:17:08.875,24652,0.056884765625,-0.0263671875,0.985595703125,0.6183205842971802,3.564885377883911,0.16030533611774445,31.809999465942383,902.7451782226562,13967
2026-08-07 14:17:08.895,24653,0.05810546875,-0.027587890625,0.984375,0.6793892979621887,3.1526718139648438,0.11450381577014923,31.809999465942383,902.7451782226562,14967
2026-08-07 14:17:08.915,24654,0.05419921875,-0.02734375,0.98828125,0.5877862572669983,3.1526718139648438,-0.19083969295024872,31.809999465942383,902.7451782226562,51000
2026-08-07 14:17:08.935,24655,0.05419921875,-0.025146484375,0.98388671875,0.6106870174407959,3.183206081390381,0.07633587718009949,31.809999465942383,902.7451782226562,23924
2026-08-07 14:17:08.956,24656,0.050537109375,-0.02978515625,0.98828125,0.35114502906799316,3.0839693546295166,-0.18320611119270325,31.809999465942383,902.7546997070312,16836
2026-08-07 14:17:08.975,24657,0.0517578125,-0.027587890625,0.9765625,0.7099236845970154,3.14503812789917,0.06106870248913765,31.809999465942383,902.7546997070312,26744
2026-08-07 14:17:08.995,24658,0.045654296875,-0.02490234375,0.982666015625,0.5267175436019897,3.3435113430023193,-0.1450381726026535,31.809999465942383,902.7546997070312,16869
2026-08-07 14:17:09.015,24659,0.05322265625,-0.02392578125,0.984130859375,0.6488549709320068,3.5267176628112793,0.015267175622284412,31.809999465942383,902.7546997070312,63866
2026-08-07 14:17:09.035,24660,0.056640625,-0.029296875,0.984375,0.5496183037757874,3.4045801162719727,-0.16030533611774445,31.809999465942383,902.7546997070312,30065
2026-08-07 14:17:09.055,24661,0.0556640625,-0.02490234375,0.9912109375,0.6412213444709778,3.351145029067993,-0.030534351244568825,31.809999465942383,902.7546997070312,29155
2026-08-07 14:17:09.075,24662,0.053466796875,-0.02490234375,0.987548828125,0.5954198241233826,3.030534267425537,0.06870228797197342,31.809999465942383,902.72607421875,5197
2026-08-07 14:17:09.095,24663,0.053955078125,-0.025146484375,0.98291015625,0.732824444770813,3.3435113430023193,-0.030534351244568825,31.809999465942383,902.72607421875,31316
2026-08-07 14:17:09.115,24664,0.053466796875,-0.023681640625,0.987548828125,0.7557252049446106,3.320610761642456,-0.11450381577014923,31.809999465942383,902.72607421875,54326
2026-08-07 14:17:09.135,24665,0.05224609375,-0.02587890625,0.987060546875,0.5648854970932007,3.2061069011688232,0.3206106722354889,31.809999465942383,902.72607421875,32094
2026-08-07 14:17:09.156,24666,0.053955078125,-0.02734375,0.98583984375,0.6183205842971802,3.503816843032837,0.18320611119270325,31.809999465942383,902.7384643554688,55521
2026-08-07 14:17:09.175,24667,0.05419921875,-0.028564453125,0.984130859375,0.7557252049446106,3.0229008197784424,0.015267175622284412,31.809999465942383,902.7384643554688,21780
2026-08-07 14:17:09.195,24668,0.053466796875,-0.026611328125,0.992431640625,0.6030534505844116,3.351145029067993,-0.06106870248913765,31.809999465942383,902.7384643554688,20095
2026-08-07 14:17:09.215,24669,0.052734375,-0.023193359375,0.987060546875,0.6412213444709778,3.068702220916748,-0.07633587718009949,31.809999465942383,902.7384643554688,42296
2026-08-07 14:17:09.235,24670,0.05712890625,-0.02783203125,0.986572265625,0.580152690410614,3.251908302307129,0.09923664480447769,31.809999465942383,902.7384643554688,60328
2026-08-07 14:17:09.256,24671,0.05322265625,-0.02392578125,0.99462890625,0.5572519302368164,3.076335906982422,0.1221374049782753,31.809999465942383,902.7481079101562,19654
2026-08-07 14:17:09.275,24672,0.05419921875,-0.029052734375,0.988525390625,0.5877862572669983,3.351145029067993,0.04580152779817581,31.809999465942383,902.7481079101562,11391
2026-08-07 14:17:09.295,24673,0.054443359375,-0.023681640625,0.981689453125,0.5877862572669983,3.2061069011688232,0.12977099418640137,31.809999465942383,902.7481079101562,63071
2026-08-07 14:17:09.315,24674,0.05224609375,-0.029052734375,0.985107421875,0.7480915784835815,3.29007625579834,-0.007633587811142206,31.809999465942383,902.7481079101562,32009
2026-08-07 14:17:09.335,24675,0.04931640625,-0.024658203125,0.981201171875,0.6488549709320068,3.282442808151245,-0.04580152779817581,31.809999465942383,902.7481079101562,55763
2026-08-07 14:17:09.355,24676,0.05126953125,-0.02734375,0.98876953125,0.7709923386573792,3.1984732151031494,0.0,31.809999465942383,902.7481079101562,62678
2026-08-07 14:17:09.375,24677,0.053955078125,-0.02490234375,0.98486328125,0.5877862572669983,3.389312982559204,-0.04580152779817581,31.809999465942383,902.73779296875,41625
2026-08-07 14:17:09.395,24678,0.0498046875,-0.0263671875,0.98388671875,0.5954198241233826,3.435114622116089,-0.09160305559635162,31.809999465942383,902.73779296875,4423
2026-08-07 14:17:09.415,24679,0.05224609375,-0.026611328125,0.986572265625,0.6030534505844116,2.9770991802215576,-0.06870228797197342,31.809999465942383,902.73779296875,36572
2026-08-07 14:17:09.435,24680,0.051025390625,-0.025390625,0.9853515625,0.4656488597393036,3.3664121627807617,0.28244274854660034,31.809999465942383,902.73779296875,44727
2026-08-07 14:17:09.455,24681,0.055419921875,-0.025146484375,0.98583984375,0.4885496199131012,3.1221373081207275,0.12977099418640137,31.809999465942383,902.73779296875,44468
2026-08-07 14:17:09.475,24682,0.050048828125,-0.028076171875,0.984619140625,0.47328245639801025,3.320610761642456,0.10687022656202316,31.809999465942383,902.7347412109375,52919
2026-08-07 14:17:09.495,24683,0.052978515625,-0.027099609375,0.990234375,0.4885496199131012,3.1984732151031494,-0.038167938590049744,31.809999465942383,902.7347412109375,21069
2026-08-07 14:17:09.515,24684,0.05078125,-0.025390625,0.9892578125,0.5419847369194031,3.534351110458374,0.16030533611774445,31.809999465942383,902.7347412109375,36888
2026-08-07 14:17:09.535,24685,0.0537109375,-0.0244140625,0.984619140625,0.6717557311058044,3.4427480697631836,0.11450381577014923,31.809999465942383,902.7347412109375,20301
2026-08-07 14:17:09.555,24686,0.052490234375,-0.02734375,0.98486328125,0.5038167834281921,3.213740348815918,0.221374049782753,31.809999465942383,902.7347412109375,38453
2026-08-07 14:17:09.575,24687,0.050048828125,-0.028564453125,0.9873046875,0.6183205842971802,3.1526718139648438,-0.1679389327764511,31.809999465942383,902.7410888671875,15813
2026-08-07 14:17:09.595,24688,0.049072265625,-0.02490234375,0.986572265625,0.5114504098892212,3.221374034881592,-0.2671755850315094,31.809999465942383,902.7410888671875,273
2026-08-07 14:17:09.615,24689,0.053955078125,-0.025146484375,0.9892578125,0.7709923386573792,3.3358778953552246,0.17557251453399658,31.809999465942383,902.7410888671875,46233
2026-08-07 14:17:09.635,24690,0.0517578125,-0.02490234375,0.984130859375,0.8396946787834167,2.961832046508789,0.04580152779817581,31.809999465942383,902.7410888671875,14081
2026-08-07 14:17:09.656,24691,0.057861328125,-0.025634765625,0.98291015625,0.6870229244232178,3.29007625579834,-0.17557251453399658,31.809999465942383,902.7294311523438,3500
2026-08-07 14:17:09.675,24692,0.05419921875,-0.0224609375,0.98388671875,0.580152690410614,3.5954198837280273,0.022900763899087906,31.809999465942383,902.7294311523438,4238
2026-08-07 14:17:09.695,24693,0.0537109375,-0.023193359375,0.9833984375,0.35877862572669983,3.2977099418640137,-0.1450381726026535,31.809999465942383,902.7294311523438,61229
2026-08-07 14:17:09.715,24694,0.052734375,-0.02587890625,0.98486328125,0.694656491279602,3.4122138023376465,0.12977099418640137,31.809999465942383,902.7294311523438,62246
2026-08-07 14:17:09.735,24695,0.05322265625,-0.029296875,0.986572265625,0.3664122223854065,3.389312982559204,-0.19847328960895538,31.809999465942383,902.7294311523438,63870
2026-08-07 14:17:09.755,24696,0.053466796875,-0.026123046875,0.990478515625,0.6717557311058044,3.435114622116089,-0.28244274854660034,31.809999465942383,902.7294311523438,50456
2026-08-07 14:17:09.775,24697,0.0498046875,-0.027099609375,0.986572265625,0.732824444770813,3.038167953491211,0.06870228797197342,31.799999237060547,902.732421875,14554
2026-08-07 14:17:09.795,24698,0.05322265625,-0.02734375,0.981689453125,0.5190839767456055,3.1603052616119385,0.23664122819900513,31.799999237060547,902.732421875,54701
2026-08-07 14:17:09.815,24699,0.054931640625,-0.02392578125,0.981689453125,0.6335877776145935,3.3129770755767822,-0.030534351244568825,31.799999237060547,902.732421875,29456
2026-08-07 14:17:09.835,24700,0.052734375,-0.026611328125,0.99072265625,0.7709923386573792,3.2595419883728027,-0.07633587718009949,31.799999237060547,902.732421875,32029
2026-08-07 14:17:09.856,24701,0.053955078125,-0.023193359375,0.9833984375,0.5419847369194031,3.068702220916748,-0.38167938590049744,31.799999237060547,902.7540893554688,22844
2026-08-07 14:17:09.875,24702,0.052978515625,-0.024658203125,0.985107421875,0.5496183037757874,3.4732823371887207,0.10687022656202316,31.799999237060547,902.7540893554688,1363
2026-08-07 14:17:09.895,24703,0.053466796875,-0.027099609375,0.986328125,0.7938931584358215,3.106870174407959,0.007633587811142206,31.799999237060547,902.7540893554688,40226
2026-08-07 14:17:09.915,24704,0.0546875,-0.021728515625,0.983154296875,0.6641221642494202,3.534351110458374,-0.221374049782753,31.799999237060547,902.7540893554688,50610
2026-08-07 14:17:09.935,24705,0.050537109375,-0.027587890625,0.99169921875,0.6412213444709778,3.496183156967163,0.0,31.799999237060547,902.7540893554688,3251
2026-08-07 14:17:09.955,24706,0.052490234375,-0.027099609375,0.9853515625,0.5648854970932007,3.1908397674560547,0.09923664480447769,31.799999237060547,902.7540893554688,13367
2026-08-07 14:17:09.975,24707,0.052001953125,-0.02734375,0.98095703125,0.732824444770813,3.3358778953552246,-0.04580152779817581,31.799999237060547,902.7523193359375,43834
2026-08-07 14:17:09.995,24708,0.052734375,-0.028564453125,0.98583984375,0.4198473393917084,3.282442808151245,-0.09160305559635162,31.799999237060547,902.7523193359375,15004
2026-08-07 14:17:10.015,24709,0.052001953125,-0.030517578125,0.986328125,0.7175572514533997,3.419847249984741,-0.1450381726026535,31.799999237060547,902.7523193359375,17190
2026-08-07 14:17:10.035,24710,0.053955078125,-0.033203125,0.984619140625,0.6106870174407959,3.389312982559204,-0.2442748099565506,31.799999237060547,902.7523193359375,15435
2026-08-07 14:17:10.056,24711,0.053955078125,-0.02490234375,0.988037109375,0.49618321657180786,3.3664121627807617,0.15267175436019897,31.799999237060547,902.77734375,22420
2026-08-07 14:17:10.075,24712,0.052001953125,-0.025390625,0.984130859375,0.4580152630805969,2.969465732574463,-0.2442748099565506,31.799999237060547,902.77734375,55220
2026-08-07 14:17:10.095,24713,0.051025390625,-0.024169921875,0.9853515625,0.6106870174407959,3.251908302307129,0.05343511328101158,31.799999237060547,902.77734375,61509
2026-08-07 14:17:10.115,24714,0.05224609375,-0.025634765625,0.988525390625,0.580152690410614,3.2977099418640137,0.09160305559635162,31.799999237060547,902.77734375,52823
2026-08-07 14:17:10.135,24715,0.05419921875,-0.02197265625,0.98486328125,0.6870229244232178,3.5877861976623535,-0.15267175436019897,31.799999237060547,902.77734375,34661
2026-08-07 14:17:10.155,24716,0.055908203125,-0.0234375,0.98876953125,0.6870229244232178,3.465648889541626,0.21374045312404633,31.799999237060547,902.77734375,65014
2026-08-07 14:17:10.175,24717,0.05078125,-0.0234375,0.996337890625,0.32824426889419556,3.3053436279296875,0.17557251453399658,31.799999237060547,902.7457885742188,29091
2026-08-07 14:17:10.195,24718,0.052734375,-0.02587890625,0.977294921875,0.9160305261611938,3.358778715133667,-0.030534351244568825,31.799999237060547,902.7457885742188,30872
2026-08-07 14:17:10.215,24719,0.04833984375,-0.0244140625,0.987060546875,0.5419847369194031,3.1526718139648438,-0.15267175436019897,31.799999237060547,902.7457885742188,49220
2026-08-07 14:17:10.235,24720,0.054443359375,-0.02587890625,0.981689453125,0.6488549709320068,3.2748091220855713,-0.1450381726026535,31.799999237060547,902.7457885742188,7982
2026-08-07 14:17:10.255,24721,0.05322265625,-0.021484375,0.986083984375,0.694656491279602,3.3740458488464355,-0.19847328960895538,31.799999237060547,902.7457885742188,58428
2026-08-07 14:17:10.275,24722,0.053466796875,-0.025146484375,0.985595703125,0.7099236845970154,3.2748091220855713,0.007633587811142206,31.799999237060547,902.7221069335938,62602
2026-08-07 14:17:10.295,24723,0.05078125,-0.02880859375,0.98779296875,0.5496183037757874,3.221374034881592,0.11450381577014923,31.799999237060547,902.7221069335938,25096
2026-08-07 14:17:10.315,24724,0.053955078125,-0.025634765625,0.98876953125,0.6564885377883911,2.9007632732391357,0.030534351244568825,31.799999237060547,902.7221069335938,23753
2026-08-07 14:17:10.335,24725,0.054931640625,-0.027587890625,0.985107421875,0.7404580116271973,3.1221373081207275,0.07633587718009949,31.799999237060547,902.7221069335938,44246
2026-08-07 14:17:10.356,24726,0.053466796875,-0.024169921875,0.981689453125,0.6564885377883911,3.465648889541626,0.20610687136650085,31.809999465942383,902.75439453125,62824
2026-08-07 14:17:10.375,24727,0.052001953125,-0.02099609375,0.985107421875,0.7480915784835815,3.244274854660034,0.16030533611774445,31.809999465942383,902.75439453125,29745
2026-08-07 14:17:10.395,24728,0.055419921875,-0.026611328125,0.9873046875,0.5648854970932007,3.2671756744384766,-0.06106870248913765,31.809999465942383,902.75439453125,11296
2026-08-07 14:17:10.415,24729,0.05126953125,-0.02783203125,0.980712890625,0.5877862572669983,3.175572633743286,-0.18320611119270325,31.809999465942383,902.75439453125,22342
2026-08-07 14:17:10.435,24730,0.052978515625,-0.029052734375,0.988525390625,0.7786259651184082,3.175572633743286,-0.22900763154029846,31.809999465942383,902.75439453125,23731
2026-08-07 14:17:10.455,24731,0.05029296875,-0.02490234375,0.984375,0.694656491279602,3.2061069011688232,-0.09923664480447769,31.809999465942383,902.75439453125,13933
2026-08-07 14:17:10.475,24732,0.053955078125,-0.025634765625,0.985107421875,0.572519063949585,3.106870174407959,0.10687022656202316,31.809999465942383,902.7796630859375,8363
2026-08-07 14:17:10.495,24733,0.054931640625,-0.022216796875,0.978759765625,0.32824426889419556,3.328244209289551,-0.13740457594394684,31.809999465942383,902.7796630859375,43833
2026-08-07 14:17:10.515,24734,0.0517578125,-0.031494140625,0.987548828125,0.7480915784835815,3.3740458488464355,-0.038167938590049744,31.809999465942383,902.7796630859375,21588
2026-08-07 14:17:10.535,24735,0.05029296875,-0.025634765625,0.983642578125,0.5954198241233826,3.2366411685943604,0.13740457594394684,31.809999465942383,902.7796630859375,23127
2026-08-07 14:17:10.556,24736,0.052001953125,-0.0263671875,0.99169921875,0.442748099565506,3.396946668624878,0.06106870248913765,31.809999465942383,902.7593994140625,60431
2026-08-07 14:17:10.575,24737,0.05322265625,-0.0263671875,0.981201171875,0.35114502906799316,3.2366411685943604,0.28244274854660034,31.809999465942383,902.7593994140625,53844
2026-08-07 14:17:10.595,24738,0.0537109375,-0.02783203125,0.986572265625,0.6870229244232178,3.3816792964935303,-0.12977099418640137,31.809999465942383,902.7593994140625,40675
2026-08-07 14:17:10.615,24739,0.057861328125,-0.025146484375,0.98681640625,0.5267175436019897,3.328244209289551,-0.007633587811142206,31.809999465942383,902.7593994140625,36493
2026-08-07 14:17:10.635,24740,0.057373046875,-0.02734375,0.984130859375,0.7175572514533997,3.4732823371887207,-0.3664122223854065,31.809999465942383,902.7593994140625,52079
2026-08-07 14:17:10.656,24741,0.0576171875,-0.033203125,0.9833984375,0.580152690410614,3.14503812789917,-0.28244274854660034,31.809999465942383,902.76171875,37149
2026-08-07 14:17:10.675,24742,0.037353515625,-0.02490234375,0.98486328125,0.885496199131012,3.5114502906799316,-0.04580152779817581,31.809999465942383,902.76171875,44414
2026-08-07 14:17:10.695,24743,0.045654296875,-0.012451171875,0.9921875,0.6412213444709778,3.3129770755767822,0.221374049782753,31.809999465942383,902.76171875,12553
2026-08-07 14:17:10.715,24744,0.044921875,-0.02587890625,0.986572265625,0.5190839767456055,3.183206081390381,-0.15267175436019897,31.809999465942383,902.76171875,1695
2026-08-07 14:17:10.735,24745,0.052001953125,-0.031494140625,0.98583984375,0.5419847369194031,3.183206081390381,-0.04580152779817581,31.809999465942383,902.76171875,41538
2026-08-07 14:17:10.755,24746,0.06005859375,-0.022216796875,0.97900390625,0.7404580116271973,3.5267176628112793,-0.038167938590049744,31.809999465942383,902.76171875,57457
2026-08-07 14:17:10.775,24747,0.06201171875,-0.02490234375,0.98486328125,0.580152690410614,3.4045801162719727,-0.007633587811142206,31.809999465942383,902.733154296875,130
2026-08-07 14:17:10.795,24748,0.066162109375,-0.035400390625,0.9814453125,0.6793892979621887,3.29007625579834,-0.15267175436019897,31.809999465942383,902.733154296875,64445
2026-08-07 14:17:10.815,24749,0.057861328125,-0.031494140625,0.988037109375,0.572519063949585,3.2061069011688232,-0.22900763154029846,31.809999465942383,902.733154296875,35539
2026-08-07 14:17:10.835,24750,0.057861328125,-0.02197265625,0.98486328125,0.6793892979621887,3.3664121627807617,-0.05343511328101158,31.809999465942383,902.733154296875,20817
2026-08-07 14:17:10.856,24751,0.049560546875,-0.02099609375,0.985107421875,0.6412213444709778,3.282442808151245,0.06870228797197342,31.799999237060547,902.742431640625,45247
2026-08-07 14:17:10.875,24752,0.04833984375,-0.030517578125,0.98681640625,0.6335877776145935,3.29007625579834,0.10687022656202316,31.799999237060547,902.742431640625,1474
2026-08-07 14:17:10.895,24753,0.04345703125,-0.02392578125,0.9853515625,0.4656488597393036,3.0839693546295166,0.15267175436019897,31.799999237060547,902.742431640625,32579
2026-08-07 14:17:10.915,24754,0.044921875,-0.0224609375,0.988037109375,0.6259542107582092,3.29007625579834,0.11450381577014923,31.799999237060547,902.742431640625,21272
2026-08-07 14:17:10.935,24755,0.05126953125,-0.027587890625,0.9814453125,0.6793892979621887,3.3129770755767822,0.06870228797197342,31.799999237060547,902.742431640625,14330
2026-08-07 14:17:10.956,24756,0.053466796875,-0.026123046875,0.986328125,0.6335877776145935,3.2671756744384766,-0.13740457594394684,31.809999465942383,902.7427978515625,41624
2026-08-07 14:17:10.975,24757,0.061279296875,-0.0224609375,0.987548828125,0.6870229244232178,3.1984732151031494,-0.1221374049782753,31.809999465942383,902.7427978515625,49991
2026-08-07 14:17:10.995,24758,0.061767578125,-0.026123046875,0.98388671875,0.39694657921791077,3.396946668624878,-0.04580152779817581,31.809999465942383,902.7427978515625,42059
2026-08-07 14:17:11.015,24759,0.05712890625,-0.02587890625,0.986572265625,0.45038166642189026,3.076335906982422,0.030534351244568825,31.809999465942383,902.7427978515625,35217
2026-08-07 14:17:11.035,24760,0.05419921875,-0.02783203125,0.982177734375,0.6030534505844116,3.458015203475952,-0.06106870248913765,31.809999465942383,902.7427978515625,634
2026-08-07 14:17:11.055,24761,0.052001953125,-0.0283203125,0.9853515625,0.6564885377883911,3.137404680252075,-0.11450381577014923,31.809999465942383,902.7427978515625,65522
2026-08-07 14:17:11.075,24762,0.052734375,-0.024658203125,0.986083984375,0.7480915784835815,3.213740348815918,-0.07633587718009949,31.809999465942383,902.7394409179688,29279
2026-08-07 14:17:11.095,24763,0.048828125,-0.029296875,0.98388671875,0.5267175436019897,3.4045801162719727,-0.08396946638822556,31.809999465942383,902.7394409179688,14962
2026-08-07 14:17:11.115,24764,0.048095703125,-0.0283203125,0.98876953125,0.694656491279602,3.1526718139648438,0.12977099418640137,31.809999465942383,902.7394409179688,62403
2026-08-07 14:17:11.135,24765,0.05029296875,-0.02294921875,0.986083984375,0.49618321657180786,3.3053436279296875,-0.04580152779817581,31.809999465942383,902.7394409179688,51250
2026-08-07 14:17:11.156,24766,0.054443359375,-0.0234375,0.9853515625,0.5190839767456055,3.2595419883728027,-0.221374049782753,31.809999465942383,902.7567138671875,61393
2026-08-07 14:17:11.175,24767,0.054931640625,-0.025390625,0.9853515625,0.4656488597393036,3.4885497093200684,0.09923664480447769,31.809999465942383,902.7567138671875,28324
2026-08-07 14:17:11.195,24768,0.053955078125,-0.025146484375,0.97998046875,0.5954198241233826,3.29007625579834,-0.06106870248913765,31.809999465942383,902.7567138671875,15812
2026-08-07 14:17:11.215,24769,0.0556640625,-0.02490234375,0.9873046875,0.6641221642494202,3.3053436279296875,-0.007633587811142206,31.809999465942383,902.7567138671875,35281
2026-08-07 14:17:11.235,24770,0.05419921875,-0.029052734375,0.984375,0.8167939186096191,3.427480936050415,0.0,31.809999465942383,902.7567138671875,9878
2026-08-07 14:17:11.256,24771,0.0498046875,-0.029541015625,0.986083984375,0.3893129825592041,3.1221373081207275,-0.05343511328101158,31.809999465942383,902.7697143554688,61767
2026-08-07 14:17:11.275,24772,0.052490234375,-0.025634765625,0.986083984375,0.5419847369194031,3.3816792964935303,0.0,31.809999465942383,902.7697143554688,6680
2026-08-07 14:17:11.295,24773,0.052001953125,-0.023681640625,0.984619140625,0.580152690410614,3.14503812789917,-0.1221374049782753,31.809999465942383,902.7697143554688,54605
2026-08-07 14:17:11.315,24774,0.049560546875,-0.024658203125,0.9921875,0.7709923386573792,3.358778715133667,0.2442748099565506,31.809999465942383,902.7697143554688,49370
2026-08-07 14:17:11.335,24775,0.05224609375,-0.0302734375,0.985595703125,0.6030534505844116,3.3358778953552246,0.038167938590049744,31.809999465942383,902.7697143554688,25162
2026-08-07 14:17:11.355,24776,0.0556640625,-0.0283203125,0.9853515625,0.5343511700630188,3.4885497093200684,-0.38167938590049744,31.809999465942383,902.7697143554688,19645
2026-08-07 14:17:11.375,24777,0.0546875,-0.028564453125,0.98046875,0.35877862572669983,3.137404680252075,0.20610687136650085,31.809999465942383,902.772705078125,12682
2026-08-07 14:17:11.395,24778,0.0576171875,-0.026123046875,0.986572265625,0.7251908183097839,3.5190839767456055,-0.13740457594394684,31.809999465942383,902.772705078125,5566
2026-08-07 14:17:11.415,24779,0.05517578125,-0.025390625,0.9853515625,0.5267175436019897,3.14503812789917,0.09160305559635162,31.809999465942383,902.772705078125,61855
2026-08-07 14:17:11.435,24780,0.05029296875,-0.0283203125,0.986083984375,0.5419847369194031,3.351145029067993,-0.06870228797197342,31.809999465942383,902.772705078125,12551
2026-08-07 14:17:11.456,24781,0.047119140625,-0.02294921875,0.98095703125,0.5496183037757874,3.1984732151031494,-0.07633587718009949,31.799999237060547,902.7340698242188,9833
2026-08-07 14:17:11.475,24782,0.05078125,-0.025390625,0.986572265625,0.7404580116271973,3.4045801162719727,0.13740457594394684,31.799999237060547,902.7340698242188,34269
2026-08-07 14:17:11.495,24783,0.050048828125,-0.026123046875,0.984619140625,0.3129771053791046,2.6641221046447754,-0.11450381577014923,31.799999237060547,902.7340698242188,64940
2026-08-07 14:17:11.515,24784,0.048583984375,-0.02490234375,0.98486328125,0.6488549709320068,2.9847328662872314,0.21374045312404633,31.799999237060547,902.7340698242188,24471
2026-08-07 14:17:11.535,24785,0.05224609375,-0.027099609375,0.987060546875,0.28244274854660034,3.1297709941864014,-0.05343511328101158,31.799999237060547,902.7340698242188,45493
2026-08-07 14:17:11.555,24786,0.052978515625,-0.02685546875,0.984130859375,0.37404578924179077,3.030534267425537,-0.10687022656202316,31.799999237060547,902.7340698242188,38161
2026-08-07 14:17:11.575,24787,0.058349609375,-0.02734375,0.983642578125,0.6793892979621887,3.458015203475952,0.1450381726026535,31.81999969482422,911.6820068359375,24753
2026-08-07 14:17:11.595,24788,0.0537109375,-0.0302734375,0.990966796875,0.4122137427330017,3.5114502906799316,0.10687022656202316,31.81999969482422,911.6820068359375,1388
2026-08-07 14:17:11.615,24789,0.0537109375,-0.027099609375,0.982666015625,0.5496183037757874,3.3664121627807617,0.007633587811142206,31.81999969482422,911.6820068359375,59122
2026-08-07 14:17:11.635,24790,0.053955078125,-0.025634765625,0.98486328125,0.5419847369194031,3.183206081390381,0.015267175622284412,31.81999969482422,911.6820068359375,21904
2026-08-07 14:17:11.655,24791,0.053466796875,-0.028076171875,0.98486328125,0.5496183037757874,3.427480936050415,-0.10687022656202316,31.81999969482422,911.6820068359375,44498
2026-08-07 14:17:11.675,24792,0.05322265625,-0.029541015625,0.990478515625,0.49618321657180786,3.496183156967163,0.07633587718009949,31.920000076293945,916.45751953125,52958
2026-08-07 14:17:11.695,24793,0.05615234375,-0.026611328125,0.983154296875,0.572519063949585,3.358778715133667,0.007633587811142206,31.920000076293945,916.45751953125,22019
2026-08-07 14:17:11.715,24794,0.052734375,-0.026123046875,0.9833984375,0.6793892979621887,3.0992367267608643,0.09160305559635162,31.920000076293945,916.45751953125,42848
2026-08-07 14:17:11.735,24795,0.055908203125,-0.027587890625,0.980224609375,0.6717557311058044,3.4427480697631836,-0.04580152779817581,31.920000076293945,916.45751953125,37410
2026-08-07 14:17:11.755,24796,0.053466796875,-0.0244140625,0.99365234375,0.5648854970932007,3.2595419883728027,-0.06870228797197342,31.920000076293945,916.45751953125,6007
2026-08-07 14:17:11.775,24797,0.055419921875,-0.02587890625,0.985595703125,0.39694657921791077,3.4427480697631836,-0.09160305559635162,32.220001220703125,920.6526489257812,27563
2026-08-07 14:17:11.795,24798,0.052001953125,-0.0244140625,0.980224609375,0.6793892979621887,3.389312982559204,0.19083969295024872,32.220001220703125,920.6526489257812,34405
2026-08-07 14:17:11.815,24799,0.05419921875,-0.024658203125,0.9921875,0.6259542107582092,3.221374034881592,-0.038167938590049744,32.220001220703125,920.6526489257812,8487
2026-08-07 14:17:11.835,24800,0.046142578125,-0.025390625,0.9794921875,0.6259542107582092,3.5572519302368164,0.04580152779817581,32.220001220703125,920.6526489257812,35543
2026-08-07 14:17:11.855,24801,0.049072265625,-0.0244140625,0.984375,0.32824426889419556,3.0458016395568848,0.15267175436019897,32.220001220703125,920.6526489257812,2617
2026-08-07 14:17:11.875,24802,0.0537109375,-0.021728515625,0.983642578125,0.6183205842971802,3.175572633743286,0.030534351244568825,32.369998931884766,921.6805419921875,28430
2026-08-07 14:17:11.895,24803,0.05419921875,-0.024658203125,0.986328125,0.6641221642494202,3.458015203475952,0.030534351244568825,32.369998931884766,921.6805419921875,7160
2026-08-07 14:17:11.915,24804,0.05126953125,-0.02734375,0.9853515625,0.5877862572669983,3.4427480697631836,0.05343511328101158,32.369998931884766,921.6805419921875,32074
2026-08-07 14:17:11.935,24805,0.054931640625,-0.028564453125,0.982421875,0.5114504098892212,3.244274854660034,0.030534351244568825,32.369998931884766,921.6805419921875,58618
2026-08-07 14:17:11.956,24806,0.0517578125,-0.025146484375,0.98193359375,0.7709923386573792,3.068702220916748,0.12977099418640137,32.369998931884766,921.6805419921875,31564
2026-08-07 14:17:11.975,24807,0.052734375,-0.025634765625,0.98486328125,0.6183205842971802,3.1908397674560547,-0.09160305559635162,32.61000061035156,923.6882934570312,612
2026-08-07 14:17:11.995,24808,0.05322265625,-0.028076171875,0.98193359375,0.8320610523223877,3.389312982559204,-0.030534351244568825,32.61000061035156,923.6882934570312,24703
2026-08-07 14:17:12.015,24809,0.05419921875,-0.027587890625,0.98291015625,0.8396946787834167,3.503816843032837,-0.06870228797197342,32.61000061035156,923.6882934570312,61478
2026-08-07 14:17:12.035,24810,0.053466796875,-0.02587890625,0.985107421875,0.5267175436019897,3.244274854660034,-0.007633587811142206,32.61000061035156,923.6882934570312,9971
2026-08-07 14:17:12.055,24811,0.05126953125,-0.0263671875,0.9833984375,0.8015267252922058,3.541984796524048,-0.06106870248913765,32.61000061035156,923.6882934570312,4556
2026-08-07 14:17:12.075,24812,0.052978515625,-0.026611328125,0.98681640625,0.7938931584358215,3.3740458488464355,0.22900763154029846,32.689998626708984,924.29296875,39151
2026-08-07 14:17:12.095,24813,0.05322265625,-0.025634765625,0.985107421875,0.5572519302368164,3.5114502906799316,-0.05343511328101158,32.689998626708984,924.29296875,21017
2026-08-07 14:17:12.115,24814,0.053466796875,-0.027099609375,0.985595703125,0.3358778655529022,3.3816792964935303,-0.015267175622284412,32.689998626708984,924.29296875,2271
2026-08-07 14:17:12.135,24815,0.052001953125,-0.02783203125,0.9873046875,0.4885496199131012,3.3358778953552246,-0.13740457594394684,32.689998626708984,924.29296875,33456
2026-08-07 14:17:12.156,24816,0.05126953125,-0.029296875,0.983154296875,0.6259542107582092,3.2671756744384766,-0.038167938590049744,32.84000015258789,907.0020141601562,19601
2026-08-07 14:17:12.175,24817,0.052978515625,-0.027099609375,0.987548828125,0.5572519302368164,3.251908302307129,-0.15267175436019897,32.84000015258789,907.0020141601562,15943
2026-08-07 14:17:12.195,24818,0.051513671875,-0.025146484375,0.98779296875,0.7862595319747925,3.435114622116089,-0.08396946638822556,32.84000015258789,907.0020141601562,42166
2026-08-07 14:17:12.215,24819,0.05126953125,-0.027587890625,0.985107421875,0.6870229244232178,3.2366411685943604,-0.19083969295024872,32.84000015258789,907.0020141601562,15624
2026-08-07 14:17:12.235,24820,0.05224609375,-0.024658203125,0.9833984375,0.6335877776145935,3.1984732151031494,-0.04580152779817581,32.84000015258789,907.0020141601562,42737
2026-08-07 14:17:12.255,24821,0.049072265625,-0.026611328125,0.9892578125,0.6793892979621887,3.0458016395568848,-0.10687022656202316,32.84000015258789,907.0020141601562,55698
2026-08-07 14:17:12.275,24822,0.051513671875,-0.0263671875,0.98876953125,0.32824426889419556,3.1984732151031494,0.038167938590049744,32.88999938964844,902.79833984375,5725
2026-08-07 14:17:12.295,24823,0.05615234375,-0.0283203125,0.986328125,0.6030534505844116,3.351145029067993,0.11450381577014923,32.88999938964844,902.79833984375,45080
2026-08-07 14:17:12.315,24824,0.056396484375,-0.0244140625,0.98388671875,0.732824444770813,3.458015203475952,0.19847328960895538,32.88999938964844,902.79833984375,40988
2026-08-07 14:17:12.335,24825,0.05615234375,-0.024169921875,0.983154296875,0.6106870174407959,3.5496182441711426,-0.04580152779817581,32.88999938964844,902.79833984375,55850
2026-08-07 14:17:12.356,24826,0.052734375,-0.02490234375,0.988525390625,0.7862595319747925,3.2595419883728027,0.2442748099565506,32.880001068115234,902.8460693359375,28789
2026-08-07 14:17:12.375,24827,0.053466796875,-0.0244140625,0.98388671875,0.25954198837280273,3.427480936050415,0.07633587718009949,32.880001068115234,902.8460693359375,7453
2026-08-07 14:17:12.395,24828,0.050048828125,-0.02734375,0.98193359375,0.6183205842971802,3.3358778953552246,0.2442748099565506,32.880001068115234,902.8460693359375,44319
2026-08-07 14:17:12.415,24829,0.048095703125,-0.02587890625,0.9892578125,0.42748090624809265,3.0992367267608643,0.12977099418640137,32.880001068115234,902.8460693359375,9929
2026-08-07 14:17:12.435,24830,0.049072265625,-0.02685546875,0.984619140625,0.6259542107582092,3.183206081390381,-0.18320611119270325,32.880001068115234,902.8460693359375,60248
2026-08-07 14:17:12.455,24831,0.053466796875,-0.024658203125,0.98388671875,0.7557252049446106,3.351145029067993,0.09160305559635162,32.880001068115234,902.8460693359375,62439
2026-08-07 14:17:12.475,24832,0.0498046875,-0.025634765625,0.982421875,0.7022900581359863,3.2366411685943604,-0.1679389327764511,32.84000015258789,902.8623657226562,18954
2026-08-07 14:17:12.495,24833,0.05224609375,-0.024169921875,0.989013671875,0.6717557311058044,3.4885497093200684,0.10687022656202316,32.84000015258789,902.8623657226562,11105
2026-08-07 14:17:12.515,24834,0.05322265625,-0.02587890625,0.9892578125,0.48091602325439453,3.2290077209472656,0.2442748099565506,32.84000015258789,902.8623657226562,2917
2026-08-07 14:17:12.535,24835,0.05615234375,-0.029052734375,0.9873046875,0.580152690410614,3.244274854660034,-0.09923664480447769,32.84000015258789,902.8623657226562,41313
2026-08-07 14:17:12.555,24836,0.05078125,-0.025390625,0.988037109375,0.6717557311058044,3.1603052616119385,0.04580152779817581,32.84000015258789,902.8623657226562,53777
2026-08-07 14:17:12.575,24837,0.0458984375,-0.0283203125,0.985595703125,0.4351145029067993,3.213740348815918,-0.09160305559635162,32.70000076293945,902.8742065429688,50592
2026-08-07 14:17:12.595,24838,0.0478515625,-0.0224609375,0.980712890625,0.7022900581359863,3.007633686065674,-0.015267175622284412,32.70000076293945,902.8742065429688,51216
2026-08-07 14:17:12.615,24839,0.050048828125,-0.023681640625,0.984619140625,0.8167939186096191,3.5877861976623535,0.015267175622284412,32.70000076293945,902.8742065429688,48903
2026-08-07 14:17:12.635,24840,0.051513671875,-0.0263671875,0.991943359375,0.5954198241233826,3.358778715133667,-0.1221374049782753,32.70000076293945,902.8742065429688,35818
2026-08-07 14:17:12.655,24841,0.052978515625,-0.023193359375,0.98193359375,0.5877862572669983,3.5267176628112793,0.06870228797197342,32.70000076293945,902.8742065429688,11702
2026-08-07 14:17:12.675,24842,0.0537109375,-0.02685546875,0.98974609375,0.580152690410614,2.9541983604431152,-0.07633587718009949,32.63999938964844,902.86669921875,44319
2026-08-07 14:17:12.695,24843,0.059326171875,-0.0234375,0.988525390625,0.7251908183097839,2.885496139526367,-0.09160305559635162,32.63999938964844,902.86669921875,5402
2026-08-07 14:17:12.715,24844,0.053466796875,-0.0263671875,0.983154296875,0.5954198241233826,3.427480936050415,-0.15267175436019897,32.63999938964844,902.86669921875,22124
2026-08-07 14:17:12.735,24845,0.05615234375,-0.029541015625,0.985595703125,0.42748090624809265,3.29007625579834,-0.09160305559635162,32.63999938964844,902.86669921875,51737
2026-08-07 14:17:12.755,24846,0.051513671875,-0.0263671875,0.97998046875,0.6030534505844116,3.351145029067993,0.038167938590049744,32.63999938964844,902.86669921875,542
2026-08-07 14:17:12.775,24847,0.049072265625,-0.02783203125,0.985107421875,0.8091602921485901,3.4809160232543945,0.007633587811142206,32.5099983215332,902.8292236328125,31000
2026-08-07 14:17:12.795,24848,0.049072265625,-0.025146484375,0.985595703125,0.580152690410614,3.572519063949585,0.09923664480447769,32.5099983215332,902.8292236328125,35064
2026-08-07 14:17:12.815,24849,0.04736328125,-0.026123046875,0.98828125,0.5877862572669983,3.320610761642456,0.23664122819900513,32.5099983215332,902.8292236328125,22988
2026-08-07 14:17:12.835,24850,0.05078125,-0.02734375,0.986083984375,0.7709923386573792,3.2671756744384766,0.1221374049782753,32.5099983215332,902.8292236328125,49810
2026-08-07 14:17:12.855,24851,0.051025390625,-0.029052734375,0.985107421875,0.7557252049446106,3.496183156967163,0.030534351244568825,32.5099983215332,902.8292236328125,13307
2026-08-07 14:17:12.875,24852,0.054931640625,-0.02783203125,0.98388671875,0.6641221642494202,3.0839693546295166,-0.015267175622284412,32.459999084472656,902.8182983398438,62692
2026-08-07 14:17:12.895,24853,0.0556640625,-0.026123046875,0.984375,0.45038166642189026,3.534351110458374,0.05343511328101158,32.459999084472656,902.8182983398438,10934
2026-08-07 14:17:12.915,24854,0.054443359375,-0.028564453125,0.98876953125,0.48091602325439453,3.3053436279296875,0.221374049782753,32.459999084472656,902.8182983398438,46772
2026-08-07 14:17:12.935,24855,0.053466796875,-0.02490234375,0.982421875,0.6564885377883911,3.419847249984741,-0.08396946638822556,32.459999084472656,902.8182983398438,63571
2026-08-07 14:17:12.956,24856,0.0517578125,-0.025146484375,0.985595703125,0.4580152630805969,3.1908397674560547,0.15267175436019897,32.369998931884766,902.841796875,5908
2026-08-07 14:17:12.975,24857,0.052734375,-0.026123046875,0.98291015625,0.580152690410614,3.389312982559204,-0.17557251453399658,32.369998931884766,902.841796875,11789
2026-08-07 14:17:12.995,24858,0.046875,-0.02685546875,0.98291015625,0.6259542107582092,3.1603052616119385,-0.08396946638822556,32.369998931884766,902.841796875,63277
2026-08-07 14:17:13.015,24859,0.0517578125,-0.023681640625,0.98388671875,0.5954198241233826,3.396946668624878,-0.022900763899087906,32.369998931884766,902.841796875,30428
2026-08-07 14:17:13.035,24860,0.053466796875,-0.023681640625,0.9833984375,0.7786259651184082,3.2671756744384766,-0.10687022656202316,32.369998931884766,902.841796875,41346
2026-08-07 14:17:13.056,24861,0.0556640625,-0.022216796875,0.983154296875,0.4656488597393036,3.29007625579834,0.19847328960895538,32.34000015258789,902.83740234375,63908
2026-08-07 14:17:13.075,24862,0.0537109375,-0.03076171875,0.986083984375,0.580152690410614,3.320610761642456,0.1679389327764511,32.34000015258789,902.83740234375,10454
2026-08-07 14:17:13.095,24863,0.053955078125,-0.031494140625,0.982421875,0.6183205842971802,3.1297709941864014,-0.22900763154029846,32.34000015258789,902.83740234375,29978
2026-08-07 14:17:13.115,24864,0.05615234375,-0.022705078125,0.977783203125,0.4885496199131012,3.320610761642456,-0.015267175622284412,32.34000015258789,902.83740234375,23095
2026-08-07 14:17:13.135,24865,0.05322265625,-0.027099609375,0.984619140625,0.8549618124961853,3.3129770755767822,0.0,32.34000015258789,902.83740234375,36081
2026-08-07 14:17:13.156,24866,0.051025390625,-0.030029296875,0.983642578125,0.4198473393917084,3.3129770755767822,0.030534351244568825,32.279998779296875,902.8062744140625,16219
2026-08-07 14:17:13.175,24867,0.051513671875,-0.025634765625,0.9765625,0.5648854970932007,3.0534350872039795,-0.015267175622284412,32.279998779296875,902.8062744140625,2497
2026-08-07 14:17:13.195,24868,0.052978515625,-0.024169921875,0.980712890625,0.6259542107582092,3.1221373081207275,-0.11450381577014923,32.279998779296875,902.8062744140625,58474
2026-08-07 14:17:13.215,24869,0.058837890625,-0.02783203125,0.982666015625,0.5572519302368164,3.2366411685943604,0.04580152779817581,32.279998779296875,902.8062744140625,49767
2026-08-07 14:17:13.235,24870,0.050537109375,-0.027099609375,0.985107421875,0.5114504098892212,3.3816792964935303,-0.08396946638822556,32.279998779296875,902.8062744140625,2254
2026-08-07 14:17:13.257,24871,0.05419921875,-0.025146484375,0.985107421875,0.5496183037757874,3.2671756744384766,-0.04580152779817581,32.2599983215332,902.8234252929688,21570
2026-08-07 14:17:13.275,24872,0.049072265625,-0.029052734375,0.9853515625,0.37404578924179077,3.1984732151031494,0.13740457594394684,32.2599983215332,902.8234252929688,50816
2026-08-07 14:17:13.295,24873,0.05615234375,-0.0283203125,0.98046875,0.5190839767456055,3.3664121627807617,-0.08396946638822556,32.2599983215332,902.8234252929688,62746
2026-08-07 14:17:13.315,24874,0.057373046875,-0.0263671875,0.982177734375,0.7099236845970154,3.244274854660034,0.19847328960895538,32.2599983215332,902.8234252929688,39809
2026-08-07 14:17:13.335,24875,0.0546875,-0.02685546875,0.987548828125,0.49618321657180786,3.1908397674560547,-0.07633587718009949,32.2599983215332,902.8234252929688,22913
2026-08-07 14:17:13.355,24876,0.053466796875,-0.025634765625,0.98388671875,0.694656491279602,3.244274854660034,-0.25954198837280273,32.2599983215332,902.8234252929688,14305
2026-08-07 14:17:13.375,24877,0.052001953125,-0.027099609375,0.98291015625,0.45038166642189026,3.038167953491211,-0.1679389327764511,32.220001220703125,902.8443603515625,51629
2026-08-07 14:17:13.395,24878,0.05517578125,-0.027099609375,0.9853515625,0.7099236845970154,3.221374034881592,0.04580152779817581,32.220001220703125,902.8443603515625,54859
2026-08-07 14:17:13.415,24879,0.053955078125,-0.0283203125,0.982666015625,0.35114502906799316,3.6870229244232178,0.16030533611774445,32.220001220703125,902.8443603515625,3992
2026-08-07 14:17:13.435,24880,0.0517578125,-0.023193359375,0.98388671875,0.6106870174407959,3.3435113430023193,-0.12977099418640137,32.220001220703125,902.8443603515625,63531
2026-08-07 14:17:13.455,24881,0.05126953125,-0.027587890625,0.98388671875,0.732824444770813,3.3816792964935303,0.13740457594394684,32.220001220703125,902.8443603515625,54064
2026-08-07 14:17:13.475,24882,0.050048828125,-0.027587890625,0.9853515625,0.5496183037757874,3.389312982559204,0.09923664480447769,32.18000030517578,902.8328247070312,18252
2026-08-07 14:17:13.495,24883,0.055908203125,-0.030029296875,0.9794921875,0.6793892979621887,3.29007625579834,-0.1679389327764511,32.18000030517578,902.8328247070312,13680
2026-08-07 14:17:13.515,24884,0.05224609375,-0.0263671875,0.980224609375,0.7022900581359863,3.2977099418640137,-0.022900763899087906,32.18000030517578,902.8328247070312,22249
2026-08-07 14:17:13.535,24885,0.050048828125,-0.023193359375,0.981201171875,0.5267175436019897,3.1297709941864014,-0.05343511328101158,32.18000030517578,902.8328247070312,61436
2026-08-07 14:17:13.555,24886,0.0556640625,-0.02978515625,0.9833984375,0.5114504098892212,3.435114622116089,-0.038167938590049744,32.18000030517578,902.8328247070312,24108
2026-08-07 14:17:13.575,24887,0.053955078125,-0.021484375,0.985595703125,0.5954198241233826,3.0839693546295166,-0.2671755850315094,32.15999984741211,902.837158203125,20140
2026-08-07 14:17:13.595,24888,0.05224609375,-0.025146484375,0.98876953125,0.5877862572669983,3.2366411685943604,0.15267175436019897,32.15999984741211,902.837158203125,63379
2026-08-07 14:17:13.615,24889,0.0517578125,-0.02978515625,0.99072265625,0.4122137427330017,3.2671756744384766,0.16030533611774445,32.15999984741211,902.837158203125,15153
2026-08-07 14:17:13.635,24890,0.052734375,-0.026123046875,0.985595703125,0.6259542107582092,3.114503860473633,0.1679389327764511,32.15999984741211,902.837158203125,35998
2026-08-07 14:17:13.656,24891,0.054443359375,-0.02685546875,0.984375,0.4656488597393036,3.1908397674560547,0.15267175436019897,32.130001068115234,902.8197021484375,44856
2026-08-07 14:17:13.675,24892,0.054931640625,-0.028564453125,0.9873046875,0.4122137427330017,3.0,0.1679389327764511,32.130001068115234,902.8197021484375,23964
2026-08-07 14:17:13.695,24893,0.051513671875,-0.02294921875,0.988525390625,0.42748090624809265,3.351145029067993,0.015267175622284412,32.130001068115234,902.8197021484375,16901
2026-08-07 14:17:13.715,24894,0.052490234375,-0.025390625,0.986328125,0.48091602325439453,3.351145029067993,-0.05343511328101158,32.130001068115234,902.8197021484375,12009
2026-08-07 14:17:13.735,24895,0.0517578125,-0.0263671875,0.989990234375,0.7557252049446106,3.419847249984741,0.1679389327764511,32.130001068115234,902.8197021484375,43715
2026-08-07 14:17:13.756,24896,0.053466796875,-0.027099609375,0.98779296875,0.5190839767456055,3.038167953491211,0.221374049782753,32.11000061035156,902.811279296875,50208
2026-08-07 14:17:13.775,24897,0.05224609375,-0.02685546875,0.985595703125,0.6183205842971802,3.3435113430023193,0.030534351244568825,32.11000061035156,902.811279296875,28963
2026-08-07 14:17:13.795,24898,0.055419921875,-0.0283203125,0.988525390625,0.49618321657180786,3.2748091220855713,-0.04580152779817581,32.11000061035156,902.811279296875,29891
2026-08-07 14:17:13.815,24899,0.05419921875,-0.0234375,0.986572265625,0.6870229244232178,3.427480936050415,-0.1221374049782753,32.11000061035156,902.811279296875,65401
2026-08-07 14:17:13.835,24900,0.051513671875,-0.0234375,0.984130859375,0.6183205842971802,3.427480936050415,0.1221374049782753,32.11000061035156,902.811279296875,6329
2026-08-07 14:17:13.855,24901,0.05615234375,-0.0244140625,0.9853515625,0.580152690410614,3.465648889541626,0.06106870248913765,32.11000061035156,902.811279296875,12
2026-08-07 14:17:13.875,24902,0.050537109375,-0.027099609375,0.9814453125,0.5954198241233826,3.3664121627807617,-0.04580152779817581,32.08000183105469,902.8148193359375,24823
2026-08-07 14:17:13.895,24903,0.0537109375,-0.027099609375,0.979248046875,0.6259542107582092,3.351145029067993,-0.1450381726026535,32.08000183105469,902.8148193359375,31692
2026-08-07 14:17:13.915,24904,0.0576171875,-0.0302734375,0.9853515625,0.6335877776145935,3.3358778953552246,0.06870228797197342,32.08000183105469,902.8148193359375,30148
2026-08-07 14:17:13.935,24905,0.052001953125,-0.024169921875,0.988525390625,0.42748090624809265,3.0534350872039795,0.22900763154029846,32.08000183105469,902.8148193359375,11798
2026-08-07 14:17:13.955,24906,0.05517578125,-0.02587890625,0.986328125,0.6335877776145935,3.419847249984741,0.10687022656202316,32.08000183105469,902.8148193359375,63242
2026-08-07 14:17:13.975,24907,0.052001953125,-0.026123046875,0.982177734375,0.45038166642189026,3.5954198837280273,-0.09160305559635162,32.06999969482422,902.83984375,5691
2026-08-07 14:17:13.995,24908,0.054931640625,-0.02880859375,0.980224609375,0.5114504098892212,3.3358778953552246,0.08396946638822556,32.06999969482422,902.83984375,16195
2026-08-07 14:17:14.015,24909,0.05322265625,-0.0244140625,0.986083984375,0.5496183037757874,3.358778715133667,0.05343511328101158,32.06999969482422,902.83984375,45598
2026-08-07 14:17:14.035,24910,0.053955078125,-0.025634765625,0.989013671875,0.6870229244232178,3.5267176628112793,-0.09923664480447769,32.06999969482422,902.83984375,39547
2026-08-07 14:17:14.056,24911,0.04931640625,-0.02734375,0.988037109375,0.5114504098892212,3.3053436279296875,0.10687022656202316,32.04999923706055,902.8054809570312,62115
2026-08-07 14:17:14.075,24912,0.052490234375,-0.02490234375,0.984375,0.6412213444709778,3.320610761642456,0.07633587718009949,32.04999923706055,902.8054809570312,48938
2026-08-07 14:17:14.095,24913,0.052978515625,-0.024169921875,0.9814453125,0.6412213444709778,3.328244209289551,-0.04580152779817581,32.04999923706055,902.8054809570312,42908
2026-08-07 14:17:14.115,24914,0.0556640625,-0.02294921875,0.9814453125,0.3893129825592041,3.427480936050415,0.07633587718009949,32.04999923706055,902.8054809570312,20475
2026-08-07 14:17:14.135,24915,0.05615234375,-0.0234375,0.98193359375,0.6412213444709778,3.572519063949585,-0.09160305559635162,32.04999923706055,902.8054809570312,61048
2026-08-07 14:17:14.155,24916,0.057373046875,-0.024169921875,0.98876953125,0.6870229244232178,3.351145029067993,0.030534351244568825,32.04999923706055,902.8054809570312,18649
2026-08-07 14:17:14.175,24917,0.050048828125,-0.025634765625,0.98046875,0.40458014607429504,3.5572519302368164,-0.038167938590049744,32.040000915527344,902.8279418945312,58666
2026-08-07 14:17:14.195,24918,0.052734375,-0.02685546875,0.987060546875,0.694656491279602,3.14503812789917,-0.06106870248913765,32.040000915527344,902.8279418945312,43342
2026-08-07 14:17:14.215,24919,0.05126953125,-0.028076171875,0.981689453125,0.7938931584358215,3.1984732151031494,0.1221374049782753,32.040000915527344,902.8279418945312,63144
2026-08-07 14:17:14.235,24920,0.05126953125,-0.024658203125,0.984619140625,0.7175572514533997,3.3740458488464355,-0.13740457594394684,32.040000915527344,902.8279418945312,8844
2026-08-07 14:17:14.255,24921,0.052734375,-0.026123046875,0.988525390625,0.5648854970932007,3.351145029067993,0.22900763154029846,32.040000915527344,902.8279418945312,54761
2026-08-07 14:17:14.275,24922,0.05419921875,-0.02783203125,0.98388671875,0.6641221642494202,3.4503817558288574,0.09923664480447769,32.02000045776367,902.8325805664062,28132
2026-08-07 14:17:14.295,24923,0.049072265625,-0.028076171875,0.984619140625,0.7251908183097839,3.213740348815918,-0.17557251453399658,32.02000045776367,902.8325805664062,7271
2026-08-07 14:17:14.315,24924,0.05078125,-0.027099609375,0.9921875,0.6106870174407959,3.0992367267608643,0.04580152779817581,32.02000045776367,902.8325805664062,17691
2026-08-07 14:17:14.335,24925,0.053466796875,-0.02587890625,0.98828125,0.6641221642494202,3.1603052616119385,-0.12977099418640137,32.02000045776367,902.8325805664062,26994
2026-08-07 14:17:14.356,24926,0.052490234375,-0.024658203125,0.982666015625,0.6335877776145935,3.1221373081207275,0.09923664480447769,32.0099983215332,902.8233032226562,53447
2026-08-07 14:17:14.375,24927,0.05517578125,-0.02734375,0.98095703125,0.6793892979621887,3.29007625579834,-0.030534351244568825,32.0099983215332,902.8233032226562,21353
2026-08-07 14:17:14.395,24928,0.051025390625,-0.030029296875,0.985595703125,0.48091602325439453,3.2061069011688232,0.09923664480447769,32.0099983215332,902.8233032226562,39709
2026-08-07 14:17:14.415,24929,0.053466796875,-0.0263671875,0.983154296875,0.5343511700630188,3.2061069011688232,0.007633587811142206,32.0099983215332,902.8233032226562,14697
2026-08-07 14:17:14.435,24930,0.056396484375,-0.0302734375,0.98193359375,0.6412213444709778,3.0916030406951904,0.0,32.0099983215332,902.8233032226562,1864
2026-08-07 14:17:14.455,24931,0.059814453125,-0.024658203125,0.988525390625,0.6106870174407959,3.3358778953552246,-0.22900763154029846,32.0099983215332,902.8233032226562,56601
2026-08-07 14:17:14.475,24932,0.0498046875,-0.02783203125,0.986572265625,0.5572519302368164,3.1603052616119385,-0.1450381726026535,32.0,902.8431396484375,14734
2026-08-07 14:17:14.495,24933,0.0498046875,-0.031005859375,0.986083984375,0.6259542107582092,3.068702220916748,-0.038167938590049744,32.0,902.8431396484375,18547
2026-08-07 14:17:14.515,24934,0.04931640625,-0.02294921875,0.991943359375,0.4885496199131012,3.1908397674560547,-0.10687022656202316,32.0,902.8431396484375,34488
2026-08-07 14:17:14.535,24935,0.05126953125,-0.0224609375,0.988525390625,0.45038166642189026,2.9770991802215576,-0.10687022656202316,32.0,902.8431396484375,19012
2026-08-07 14:17:14.555,24936,0.05517578125,-0.0263671875,0.98974609375,0.6335877776145935,3.076335906982422,0.06106870248913765,32.0,902.8431396484375,34025
2026-08-07 14:17:14.575,24937,0.054443359375,-0.023193359375,0.984619140625,0.5343511700630188,3.427480936050415,0.10687022656202316,31.989999771118164,902.8218994140625,10547
2026-08-07 14:17:14.595,24938,0.056640625,-0.024658203125,0.985107421875,0.442748099565506,3.1221373081207275,-0.06870228797197342,31.989999771118164,902.8218994140625,18743
2026-08-07 14:17:14.615,24939,0.056396484375,-0.0302734375,0.982666015625,0.5954198241233826,3.2366411685943604,-0.15267175436019897,31.989999771118164,902.8218994140625,48687
2026-08-07 14:17:14.635,24940,0.059814453125,-0.025634765625,0.9873046875,0.7480915784835815,3.4045801162719727,0.0,31.989999771118164,902.8218994140625,41835
2026-08-07 14:17:14.655,24941,0.05517578125,-0.027587890625,0.982177734375,0.5343511700630188,3.396946668624878,0.09923664480447769,31.989999771118164,902.8218994140625,9992
2026-08-07 14:17:14.675,24942,0.05029296875,-0.029296875,0.9814453125,0.38167938590049744,3.137404680252075,0.022900763899087906,31.979999542236328,902.8396606445312,39536
2026-08-07 14:17:14.695,24943,0.050537109375,-0.023681640625,0.983642578125,0.6488549709320068,3.1603052616119385,-0.25190839171409607,31.979999542236328,902.8396606445312,59269
2026-08-07 14:17:14.715,24944,0.048095703125,-0.020751953125,0.980224609375,0.7709923386573792,3.14503812789917,-0.28244274854660034,31.979999542236328,902.8396606445312,53835
2026-08-07 14:17:14.735,24945,0.04638671875,-0.02685546875,0.987548828125,0.4656488597393036,3.251908302307129,0.08396946638822556,31.979999542236328,902.8396606445312,14217
2026-08-07 14:17:14.756,24946,0.05615234375,-0.025146484375,0.988037109375,0.6793892979621887,3.183206081390381,-0.015267175622284412,31.979999542236328,902.8140869140625,30948
2026-08-07 14:17:14.775,24947,0.054443359375,-0.02783203125,0.981201171875,0.7022900581359863,3.2290077209472656,-0.19847328960895538,31.979999542236328,902.8140869140625,43836
2026-08-07 14:17:14.795,24948,0.053955078125,-0.033935546875,0.988037109375,0.7251908183097839,3.3129770755767822,0.09923664480447769,31.979999542236328,902.8140869140625,64427
2026-08-07 14:17:14.815,24949,0.05419921875,-0.025146484375,0.9833984375,0.5496183037757874,3.2061069011688232,0.06870228797197342,31.979999542236328,902.8140869140625,15828
2026-08-07 14:17:14.835,24950,0.05078125,-0.02392578125,0.989013671875,0.572519063949585,3.2977099418640137,0.09923664480447769,31.979999542236328,902.8140869140625,45045
2026-08-07 14:17:14.855,24951,0.052734375,-0.027587890625,0.983154296875,0.6335877776145935,3.1679389476776123,-0.16030533611774445,31.979999542236328,902.8140869140625,19033
2026-08-07 14:17:14.876,24952,0.0546875,-0.0234375,0.982666015625,0.7633587718009949,3.679389238357544,-0.11450381577014923,31.969999313354492,902.83642578125,7753
2026-08-07 14:17:14.895,24953,0.0556640625,-0.028564453125,0.992919921875,0.6259542107582092,3.251908302307129,0.10687022656202316,31.969999313354492,902.83642578125,60650
2026-08-07 14:17:14.915,24954,0.061279296875,-0.023681640625,0.993408203125,0.8244274854660034,3.4809160232543945,0.08396946638822556,31.969999313354492,902.83642578125,37045
2026-08-07 14:17:14.935,24955,0.05615234375,-0.02880859375,0.9892578125,0.6183205842971802,2.9847328662872314,-0.05343511328101158,31.969999313354492,902.83642578125,35283
2026-08-07 14:17:14.955,24956,0.053466796875,-0.03076171875,0.98193359375,0.5572519302368164,3.3435113430023193,-0.290076345205307,31.969999313354492,902.83642578125,37673
2026-08-07 14:17:14.975,24957,0.04833984375,-0.022705078125,0.9833984375,0.5114504098892212,3.2748091220855713,-0.07633587718009949,31.959999084472656,902.8423461914062,64501
2026-08-07 14:17:14.995,24958,0.04345703125,-0.0244140625,0.986328125,0.4656488597393036,3.1603052616119385,-0.3358778655529022,31.959999084472656,902.8423461914062,6619
2026-08-07 14:17:15.015,24959,0.044921875,-0.025634765625,0.98095703125,0.7175572514533997,3.29007625579834,0.19083969295024872,31.959999084472656,902.8423461914062,38848
2026-08-07 14:17:15.035,24960,0.04931640625,-0.026611328125,0.98291015625,0.3358778655529022,3.2290077209472656,0.20610687136650085,31.959999084472656,902.8423461914062,58445
2026-08-07 14:17:15.055,24961,0.05322265625,-0.0283203125,0.9794921875,0.5038167834281921,3.3816792964935303,-0.030534351244568825,31.959999084472656,902.8423461914062,33917
2026-08-07 14:17:15.075,24962,0.060302734375,-0.029541015625,0.987548828125,0.6259542107582092,3.213740348815918,-0.09923664480447769,31.950000762939453,902.8162231445312,51725
2026-08-07 14:17:15.095,24963,0.057373046875,-0.029052734375,0.9833984375,0.37404578924179077,3.3435113430023193,-0.030534351244568825,31.950000762939453,902.8162231445312,59221
2026-08-07 14:17:15.115,24964,0.058837890625,-0.028076171875,0.97705078125,0.5343511700630188,3.007633686065674,0.05343511328101158,31.950000762939453,902.8162231445312,62721
2026-08-07 14:17:15.135,24965,0.05224609375,-0.027099609375,0.98388671875,0.572519063949585,3.2595419883728027,0.015267175622284412,31.950000762939453,902.8162231445312,21583
2026-08-07 14:17:15.155,24966,0.049560546875,-0.029052734375,0.982666015625,0.45038166642189026,3.1221373081207275,0.09923664480447769,31.950000762939453,902.8162231445312,22463
2026-08-07 14:17:15.175,24967,0.046630859375,-0.025634765625,0.986328125,0.6030534505844116,3.030534267425537,0.08396946638822556,31.950000762939453,902.839599609375,32054
2026-08-07 14:17:15.195,24968,0.049072265625,-0.025634765625,0.98828125,0.4656488597393036,3.282442808151245,0.1679389327764511,31.950000762939453,902.839599609375,45931
2026-08-07 14:17:15.215,24969,0.05224609375,-0.0244140625,0.98583984375,0.580152690410614,3.29007625579834,0.0,31.950000762939453,902.839599609375,31356
2026-08-07 14:17:15.235,24970,0.05712890625,-0.030029296875,0.98388671875,0.4656488597393036,3.076335906982422,-0.18320611119270325,31.950000762939453,902.839599609375,10081
2026-08-07 14:17:15.255,24971,0.0576171875,-0.0244140625,0.990234375,0.6793892979621887,3.0534350872039795,-0.221374049782753,31.950000762939453,902.839599609375,26068
2026-08-07 14:17:15.275,24972,0.05419921875,-0.028564453125,0.983642578125,0.7099236845970154,3.465648889541626,0.015267175622284412,31.940000534057617,902.8082885742188,64264
2026-08-07 14:17:15.295,24973,0.052978515625,-0.02587890625,0.98193359375,0.45038166642189026,3.0839693546295166,0.06106870248913765,31.940000534057617,902.8082885742188,32707
2026-08-07 14:17:15.315,24974,0.050537109375,-0.0283203125,0.986083984375,0.6183205842971802,3.2671756744384766,-0.06870228797197342,31.940000534057617,902.8082885742188,20722
2026-08-07 14:17:15.335,24975,0.05322265625,-0.02685546875,0.97607421875,0.6641221642494202,3.427480936050415,0.10687022656202316,31.940000534057617,902.8082885742188,62367
2026-08-07 14:17:15.355,24976,0.053466796875,-0.02685546875,0.9853515625,0.6259542107582092,3.2290077209472656,-0.09160305559635162,31.940000534057617,902.8082885742188,47199
2026-08-07 14:17:15.375,24977,0.048828125,-0.024658203125,0.99267578125,0.7862595319747925,3.2671756744384766,0.09923664480447769,31.940000534057617,902.8195190429688,20949
2026-08-07 14:17:15.395,24978,0.052001953125,-0.022705078125,0.98779296875,0.8091602921485901,3.1984732151031494,0.022900763899087906,31.940000534057617,902.8195190429688,41987
2026-08-07 14:17:15.415,24979,0.05419921875,-0.025390625,0.98486328125,0.6717557311058044,3.328244209289551,0.030534351244568825,31.940000534057617,902.8195190429688,12376
2026-08-07 14:17:15.435,24980,0.0517578125,-0.02783203125,0.991943359375,0.694656491279602,3.0610687732696533,-0.18320611119270325,31.940000534057617,902.8195190429688,11047
2026-08-07 14:17:15.455,24981,0.05224609375,-0.0224609375,0.98388671875,0.6412213444709778,3.3435113430023193,-0.038167938590049744,31.940000534057617,902.8195190429688,2918
2026-08-07 14:17:15.475,24982,0.0537109375,-0.026611328125,0.9853515625,0.5038167834281921,2.992366313934326,0.09160305559635162,31.93000030517578,902.8115844726562,25345
2026-08-07 14:17:15.495,24983,0.05615234375,-0.02880859375,0.985107421875,0.47328245639801025,3.435114622116089,0.25190839171409607,31.93000030517578,902.8115844726562,55651
2026-08-07 14:17:15.515,24984,0.0517578125,-0.031005859375,0.982666015625,0.5954198241233826,3.396946668624878,0.06870228797197342,31.93000030517578,902.8115844726562,59336
2026-08-07 14:17:15.535,24985,0.05322265625,-0.029296875,0.990234375,0.5343511700630188,3.610687017440796,0.0,31.93000030517578,902.8115844726562,56280
2026-08-07 14:17:15.555,24986,0.052978515625,-0.026123046875,0.990966796875,0.5496183037757874,3.3129770755767822,0.07633587718009949,31.93000030517578,902.8115844726562,26209
2026-08-07 14:17:15.575,24987,0.0498046875,-0.02001953125,0.980712890625,0.6564885377883911,3.030534267425537,0.25190839171409607,31.920000076293945,902.8192138671875,28504
2026-08-07 14:17:15.595,24988,0.05517578125,-0.029052734375,0.9892578125,0.7557252049446106,3.458015203475952,0.06106870248913765,31.920000076293945,902.8192138671875,58515
2026-08-07 14:17:15.615,24989,0.051025390625,-0.02392578125,0.985595703125,0.7480915784835815,3.3816792964935303,0.022900763899087906,31.920000076293945,902.8192138671875,9719
2026-08-07 14:17:15.635,24990,0.052001953125,-0.028076171875,0.983154296875,0.5038167834281921,3.007633686065674,0.04580152779817581,31.920000076293945,902.8192138671875,60848
2026-08-07 14:17:15.655,24991,0.0546875,-0.02685546875,0.98486328125,0.6259542107582092,3.0992367267608643,0.1450381726026535,31.920000076293945,902.8192138671875,50752
2026-08-07 14:17:15.675,24992,0.05322265625,-0.026611328125,0.992919921875,0.5954198241233826,3.4809160232543945,0.18320611119270325,31.90999984741211,902.81982421875,13356
2026-08-07 14:17:15.695,24993,0.057373046875,-0.0263671875,0.985595703125,0.4885496199131012,3.1297709941864014,0.10687022656202316,31.90999984741211,902.81982421875,23708
2026-08-07 14:17:15.715,24994,0.0517578125,-0.029541015625,0.98095703125,0.6793892979621887,3.5954198837280273,0.1679389327764511,31.90999984741211,902.81982421875,54909
2026-08-07 14:17:15.735,24995,0.052001953125,-0.025146484375,0.986572265625,0.6717557311058044,3.496183156967163,0.11450381577014923,31.90999984741211,902.81982421875,64003
2026-08-07 14:17:15.756,24996,0.05126953125,-0.022216796875,0.979736328125,0.8702290058135986,3.4732823371887207,-0.18320611119270325,31.90999984741211,902.832763671875,3360
2026-08-07 14:17:15.775,24997,0.052001953125,-0.026611328125,0.975341796875,0.5343511700630188,3.1603052616119385,0.09160305559635162,31.90999984741211,902.832763671875,14356
2026-08-07 14:17:15.795,24998,0.0556640625,-0.027099609375,0.979736328125,0.6412213444709778,3.3664121627807617,-0.21374045312404633,31.90999984741211,902.832763671875,7608
2026-08-07 14:17:15.815,24999,0.052490234375,-0.029052734375,0.978271484375,0.5038167834281921,3.282442808151245,-0.015267175622284412,31.90999984741211,902.832763671875,34893
2026-08-07 14:17:15.835,25000,0.05615234375,-0.025146484375,0.979736328125,0.6183205842971802,3.068702220916748,-0.08396946638822556,31.90999984741211,902.832763671875,12020
2026-08-07 14:17:15.856,25001,0.052978515625,-0.026123046875,0.98681640625,0.6412213444709778,3.328244209289551,0.10687022656202316,31.889999389648438,902.8131103515625,51799
2026-08-07 14:17:15.875,25002,0.05419921875,-0.023193359375,0.986572265625,0.442748099565506,3.3129770755767822,0.06106870248913765,31.889999389648438,902.8131103515625,8119
2026-08-07 14:17:15.895,25003,0.055419921875,-0.027099609375,0.983642578125,0.4656488597393036,3.1297709941864014,-0.15267175436019897,31.889999389648438,902.8131103515625,25242
2026-08-07 14:17:15.915,25004,0.052001953125,-0.0263671875,0.98876953125,0.6870229244232178,3.4122138023376465,0.0,31.889999389648438,902.8131103515625,64084
2026-08-07 14:17:15.935,25005,0.0537109375,-0.02392578125,0.986572265625,0.6335877776145935,3.114503860473633,-0.038167938590049744,31.889999389648438,902.8131103515625,44642
2026-08-07 14:17:15.956,25006,0.0537109375,-0.022705078125,0.985595703125,0.6870229244232178,3.3435113430023193,-0.08396946638822556,31.8799991607666,902.8153076171875,3068
2026-08-07 14:17:15.975,25007,0.054443359375,-0.02490234375,0.98876953125,0.6564885377883911,3.389312982559204,-0.221374049782753,31.8799991607666,902.8153076171875,58879
2026-08-07 14:17:15.995,25008,0.052734375,-0.025634765625,0.986083984375,0.5419847369194031,3.389312982559204,0.038167938590049744,31.8799991607666,902.8153076171875,47554
2026-08-07 14:17:16.015,25009,0.05029296875,-0.02685546875,0.979736328125,0.7709923386573792,3.0839693546295166,-0.04580152779817581,31.8799991607666,902.8153076171875,35264
2026-08-07 14:17:16.035,25010,0.052001953125,-0.0283203125,0.984375,0.7251908183097839,3.4045801162719727,0.038167938590049744,31.8799991607666,902.8153076171875,60587
2026-08-07 14:17:16.055,25011,0.05224609375,-0.026611328125,0.988037109375,0.580152690410614,3.244274854660034,0.015267175622284412,31.8799991607666,902.8153076171875,35443
2026-08-07 14:17:16.075,25012,0.05078125,-0.025146484375,0.9833984375,0.6106870174407959,3.5496182441711426,-0.16030533611774445,31.8799991607666,902.8316650390625,38446
2026-08-07 14:17:16.095,25013,0.052978515625,-0.025390625,0.98974609375,0.6183205842971802,3.1221373081207275,0.06870228797197342,31.8799991607666,902.8316650390625,31500
2026-08-07 14:17:16.115,25014,0.0537109375,-0.02880859375,0.98779296875,0.42748090624809265,3.29007625579834,0.030534351244568825,31.8799991607666,902.8316650390625,11508
2026-08-07 14:17:16.135,25015,0.0517578125,-0.029296875,0.98486328125,0.6870229244232178,3.1984732151031494,-0.022900763899087906,31.8799991607666,902.8316650390625,43446
2026-08-07 14:17:16.156,25016,0.056640625,-0.030029296875,0.990478515625,0.6488549709320068,3.251908302307129,-0.09923664480447769,31.8799991607666,902.7993774414062,5084
2026-08-07 14:17:16.175,25017,0.05908203125,-0.0234375,0.987060546875,0.5190839767456055,3.358778715133667,-0.19083969295024872,31.8799991607666,902.7993774414062,60850
2026-08-07 14:17:16.195,25018,0.051025390625,-0.02783203125,0.982177734375,0.45038166642189026,3.183206081390381,0.015267175622284412,31.8799991607666,902.7993774414062,56946
2026-08-07 14:17:16.215,25019,0.05419921875,-0.02783203125,0.987548828125,0.5267175436019897,3.221374034881592,0.07633587718009949,31.8799991607666,902.7993774414062,13106
2026-08-07 14:17:16.235,25020,0.048583984375,-0.023193359375,0.987548828125,0.7480915784835815,3.427480936050415,0.09160305559635162,31.8799991607666,902.7993774414062,4626
2026-08-07 14:17:16.255,25021,0.052490234375,-0.022705078125,0.982666015625,0.7099236845970154,3.2366411685943604,0.12977099418640137,31.8799991607666,902.7993774414062,57394
2026-08-07 14:17:16.275,25022,0.053466796875,-0.0263671875,0.98095703125,0.6412213444709778,3.4045801162719727,0.0,31.8700008392334,902.8038940429688,31206
2026-08-07 14:17:16.295,25023,0.052490234375,-0.02490234375,0.98681640625,0.9618320465087891,3.213740348815918,0.10687022656202316,31.8700008392334,902.8038940429688,16035
2026-08-07 14:17:16.315,25024,0.052734375,-0.027587890625,0.97802734375,0.580152690410614,3.2671756744384766,0.04580152779817581,31.8700008392334,902.8038940429688,2794
2026-08-07 14:17:16.335,25025,0.048583984375,-0.028564453125,0.982177734375,0.572519063949585,3.175572633743286,0.09160305559635162,31.8700008392334,902.8038940429688,43367
2026-08-07 14:17:16.356,25026,0.054443359375,-0.027099609375,0.97998046875,0.6717557311058044,3.1679389476776123,0.030534351244568825,31.8700008392334,902.8038940429688,22780
2026-08-07 14:17:16.375,25027,0.056640625,-0.025146484375,0.987060546875,0.7404580116271973,3.0152671337127686,0.19847328960895538,31.8700008392334,902.8032836914062,35395
2026-08-07 14:17:16.395,25028,0.052490234375,-0.02783203125,0.985595703125,0.6870229244232178,3.419847249984741,-0.038167938590049744,31.8700008392334,902.8032836914062,42030
2026-08-07 14:17:16.416,25029,0.052734375,-0.02734375,0.984619140625,0.6641221642494202,3.4809160232543945,-0.1679389327764511,31.8700008392334,902.8032836914062,63231
2026-08-07 14:17:16.436,25030,0.05126953125,-0.0263671875,0.985107421875,0.8091602921485901,3.435114622116089,0.16030533611774445,31.8700008392334,902.8032836914062,61503
2026-08-07 14:17:16.456,25031,0.0498046875,-0.0263671875,0.983642578125,0.694656491279602,3.4045801162719727,-0.05343511328101158,31.8700008392334,902.7882690429688,49447
2026-08-07 14:17:16.476,25032,0.05419921875,-0.025634765625,0.98291015625,0.6183205842971802,3.4427480697631836,0.04580152779817581,31.8700008392334,902.7882690429688,14455
2026-08-07 14:17:16.496,25033,0.053955078125,-0.02783203125,0.9892578125,0.8244274854660034,3.70992374420166,-0.09160305559635162,31.8700008392334,902.7882690429688,22499
2026-08-07 14:17:16.515,25034,0.056884765625,-0.02587890625,0.9853515625,0.6335877776145935,3.1603052616119385,0.06870228797197342,31.8700008392334,902.7882690429688,43801
2026-08-07 14:17:16.535,25035,0.0595703125,-0.02392578125,0.99072265625,0.3435114622116089,3.4045801162719727,-0.11450381577014923,31.8700008392334,902.7882690429688,24310
2026-08-07 14:17:16.555,25036,0.054931640625,-0.030029296875,0.9853515625,0.48091602325439453,3.358778715133667,0.030534351244568825,31.8700008392334,902.7882690429688,52355
2026-08-07 14:17:16.576,25037,0.052978515625,-0.023681640625,0.9833984375,0.6030534505844116,3.0839693546295166,0.0,31.860000610351562,902.782958984375,9376
2026-08-07 14:17:16.595,25038,0.055908203125,-0.024169921875,0.980712890625,0.8244274854660034,3.2671756744384766,-0.09923664480447769,31.860000610351562,902.782958984375,57576
2026-08-07 14:17:16.615,25039,0.048583984375,-0.024658203125,0.984375,0.5496183037757874,3.419847249984741,-0.08396946638822556,31.860000610351562,902.782958984375,22653
2026-08-07 14:17:16.636,25040,0.0537109375,-0.0263671875,0.98291015625,0.6412213444709778,3.389312982559204,0.015267175622284412,31.860000610351562,902.782958984375,53571
2026-08-07 14:17:16.656,25041,0.052734375,-0.028564453125,0.981201171875,0.6488549709320068,3.328244209289551,0.1221374049782753,31.860000610351562,902.8043212890625,7706
2026-08-07 14:17:16.675,25042,0.0556640625,-0.024658203125,0.986572265625,0.5496183037757874,3.320610761642456,0.007633587811142206,31.860000610351562,902.8043212890625,63685
2026-08-07 14:17:16.696,25043,0.054931640625,-0.023193359375,0.98779296875,0.5419847369194031,3.5267176628112793,-0.11450381577014923,31.860000610351562,902.8043212890625,16128
2026-08-07 14:17:16.715,25044,0.054443359375,-0.026123046875,0.990478515625,0.6564885377883911,3.320610761642456,-0.19083969295024872,31.860000610351562,902.8043212890625,25144
2026-08-07 14:17:16.736,25045,0.05322265625,-0.0263671875,0.9833984375,0.6870229244232178,3.14503812789917,-0.11450381577014923,31.860000610351562,902.8043212890625,56330
2026-08-07 14:17:16.756,25046,0.04638671875,-0.02685546875,0.9853515625,0.4198473393917084,3.2748091220855713,0.13740457594394684,31.860000610351562,902.8212280273438,10921
2026-08-07 14:17:16.775,25047,0.0546875,-0.023193359375,0.976806640625,0.5496183037757874,3.389312982559204,-0.09923664480447769,31.860000610351562,902.8212280273438,26590
2026-08-07 14:17:16.795,25048,0.05224609375,-0.02587890625,0.980224609375,0.6793892979621887,3.0534350872039795,0.007633587811142206,31.860000610351562,902.8212280273438,25761
2026-08-07 14:17:16.815,25049,0.05224609375,-0.024169921875,0.987060546875,0.732824444770813,3.4122138023376465,0.07633587718009949,31.860000610351562,902.8212280273438,20859
2026-08-07 14:17:16.835,25050,0.05126953125,-0.027099609375,0.986572265625,0.6717557311058044,3.435114622116089,-0.05343511328101158,31.860000610351562,902.8212280273438,35685
2026-08-07 14:17:16.856,25051,0.05126953125,-0.022705078125,0.989013671875,0.8931297659873962,3.4122138023376465,0.1679389327764511,31.860000610351562,902.8212280273438,6270
2026-08-07 14:17:16.875,25052,0.0556640625,-0.027587890625,0.98388671875,0.3129771053791046,3.320610761642456,-0.11450381577014923,31.860000610351562,902.7926635742188,37428
2026-08-07 14:17:16.896,25053,0.056884765625,-0.02490234375,0.975341796875,0.6717557311058044,3.2748091220855713,-0.06870228797197342,31.860000610351562,902.7926635742188,31772
2026-08-07 14:17:16.916,25054,0.06005859375,-0.024169921875,0.9833984375,0.5038167834281921,3.0610687732696533,-0.28244274854660034,31.860000610351562,902.7926635742188,47984
2026-08-07 14:17:16.935,25055,0.051513671875,-0.02783203125,0.985107421875,0.5343511700630188,3.427480936050415,-0.12977099418640137,31.860000610351562,902.7926635742188,19500
2026-08-07 14:17:16.955,25056,0.0546875,-0.028564453125,0.98095703125,0.6412213444709778,3.2290077209472656,-0.21374045312404633,31.860000610351562,902.7926635742188,28314
2026-08-07 14:17:16.976,25057,0.0517578125,-0.023681640625,0.995361328125,0.8625954389572144,3.3816792964935303,-0.06870228797197342,31.860000610351562,902.792236328125,29074
2026-08-07 14:17:16.995,25058,0.053955078125,-0.026123046875,0.990234375,0.6870229244232178,3.3740458488464355,0.09923664480447769,31.860000610351562,902.792236328125,59853
2026-08-07 14:17:17.016,25059,0.051025390625,-0.023681640625,0.978759765625,0.5954198241233826,3.3816792964935303,0.08396946638822556,31.860000610351562,902.792236328125,40225
2026-08-07 14:17:17.036,25060,0.049560546875,-0.02392578125,0.98388671875,0.6183205842971802,3.465648889541626,0.09160305559635162,31.860000610351562,902.792236328125,23635
2026-08-07 14:17:17.056,25061,0.04931640625,-0.02294921875,0.9833984375,0.572519063949585,3.465648889541626,-0.09923664480447769,31.860000610351562,902.792236328125,32121
2026-08-07 14:17:17.075,25062,0.0498046875,-0.027099609375,0.982421875,0.5648854970932007,3.564885377883911,0.04580152779817581,31.860000610351562,902.805908203125,10101
2026-08-07 14:17:17.096,25063,0.053955078125,-0.027099609375,0.983154296875,0.5267175436019897,3.1526718139648438,-0.05343511328101158,31.860000610351562,902.805908203125,44790
2026-08-07 14:17:17.116,25064,0.052490234375,-0.026123046875,0.9814453125,0.49618321657180786,3.0458016395568848,-0.015267175622284412,31.860000610351562,902.805908203125,43406
2026-08-07 14:17:17.135,25065,0.052978515625,-0.021728515625,0.9833984375,0.6259542107582092,3.2366411685943604,-0.11450381577014923,31.860000610351562,902.805908203125,49003
2026-08-07 14:17:17.157,25066,0.05615234375,-0.031005859375,0.9873046875,0.5572519302368164,3.0458016395568848,0.08396946638822556,31.860000610351562,902.7979736328125,18721
2026-08-07 14:17:17.175,25067,0.056396484375,-0.02783203125,0.983154296875,0.7251908183097839,3.2366411685943604,0.06106870248913765,31.860000610351562,902.7979736328125,7858
2026-08-07 14:17:17.196,25068,0.050537109375,-0.024169921875,0.985107421875,0.6183205842971802,3.2595419883728027,0.06106870248913765,31.860000610351562,902.7979736328125,56765
2026-08-07 14:17:17.216,25069,0.05126953125,-0.0244140625,0.97607421875,0.5190839767456055,3.106870174407959,-0.04580152779817581,31.860000610351562,902.7979736328125,28966
2026-08-07 14:17:17.236,25070,0.05126953125,-0.027587890625,0.9853515625,0.6106870174407959,3.3053436279296875,-0.16030533611774445,31.860000610351562,902.7979736328125,43093
2026-08-07 14:17:17.257,25071,0.051025390625,-0.0244140625,0.984619140625,0.7099236845970154,3.3664121627807617,-0.3893129825592041,31.860000610351562,902.8075561523438,41121
2026-08-07 14:17:17.275,25072,0.05615234375,-0.023193359375,0.987548828125,0.6793892979621887,3.358778715133667,0.09160305559635162,31.860000610351562,902.8075561523438,13210
2026-08-07 14:17:17.295,25073,0.0537109375,-0.029541015625,0.986328125,0.7404580116271973,3.2977099418640137,0.1221374049782753,31.860000610351562,902.8075561523438,4855
2026-08-07 14:17:17.315,25074,0.05615234375,-0.0263671875,0.98779296875,0.7022900581359863,3.320610761642456,0.04580152779817581,31.860000610351562,902.8075561523438,44489
2026-08-07 14:17:17.335,25075,0.052978515625,-0.02783203125,0.98193359375,0.732824444770813,3.3816792964935303,-0.04580152779817581,31.860000610351562,902.8075561523438,61682
2026-08-07 14:17:17.355,25076,0.052734375,-0.029052734375,0.984375,0.5648854970932007,3.1984732151031494,-0.030534351244568825,31.860000610351562,902.8075561523438,50032
2026-08-07 14:17:17.375,25077,0.051513671875,-0.02685546875,0.985595703125,0.7862595319747925,3.4427480697631836,0.007633587811142206,31.860000610351562,902.7789306640625,31826
2026-08-07 14:17:17.396,25078,0.052490234375,-0.0234375,0.986572265625,0.6641221642494202,3.1603052616119385,-0.10687022656202316,31.860000610351562,902.7789306640625,42666
2026-08-07 14:17:17.416,25079,0.052001953125,-0.0244140625,0.98681640625,0.7480915784835815,3.1297709941864014,0.06106870248913765,31.860000610351562,902.7789306640625,911
2026-08-07 14:17:17.437,25080,0.048583984375,-0.031005859375,0.98388671875,0.8702290058135986,3.183206081390381,-0.06870228797197342,31.860000610351562,902.7789306640625,23112
2026-08-07 14:17:17.456,25081,0.05419921875,-0.02587890625,0.982666015625,0.6183205842971802,3.076335906982422,0.022900763899087906,31.860000610351562,902.7789306640625,2419
2026-08-07 14:17:17.475,25082,0.05517578125,-0.026611328125,0.9833984375,0.6259542107582092,3.2671756744384766,0.12977099418640137,31.860000610351562,902.7872924804688,65078
2026-08-07 14:17:17.496,25083,0.06103515625,-0.025146484375,0.986328125,0.45038166642189026,3.396946668624878,-0.10687022656202316,31.860000610351562,902.7872924804688,14217
2026-08-07 14:17:17.516,25084,0.060302734375,-0.025146484375,0.991455078125,0.5954198241233826,3.328244209289551,-0.04580152779817581,31.860000610351562,902.7872924804688,56857
2026-08-07 14:17:17.536,25085,0.05810546875,-0.02783203125,0.98193359375,0.6641221642494202,3.1679389476776123,0.13740457594394684,31.860000610351562,902.7872924804688,23296
2026-08-07 14:17:17.555,25086,0.05517578125,-0.027587890625,0.98583984375,0.572519063949585,3.2977099418640137,-0.07633587718009949,31.860000610351562,902.7872924804688,33100
2026-08-07 14:17:17.576,25087,0.054443359375,-0.021484375,0.983154296875,0.6488549709320068,3.282442808151245,0.022900763899087906,31.860000610351562,902.797607421875,17601
2026-08-07 14:17:17.596,25088,0.04931640625,-0.02294921875,0.982421875,0.6793892979621887,3.0458016395568848,-0.16030533611774445,31.860000610351562,902.797607421875,58190
2026-08-07 14:17:17.615,25089,0.050537109375,-0.0263671875,0.987060546875,0.4885496199131012,3.1526718139648438,-0.15267175436019897,31.860000610351562,902.797607421875,31626
2026-08-07 14:17:17.636,25090,0.05712890625,-0.0263671875,0.99072265625,0.5343511700630188,3.1297709941864014,-0.030534351244568825,31.860000610351562,902.797607421875,64900
2026-08-07 14:17:17.655,25091,0.044921875,-0.02001953125,0.995361328125,0.6030534505844116,3.358778715133667,0.030534351244568825,31.860000610351562,902.797607421875,52892
2026-08-07 14:17:17.676,25092,0.0478515625,-0.03173828125,0.99365234375,0.5419847369194031,3.2595419883728027,-0.04580152779817581,31.860000610351562,902.8021850585938,47268
2026-08-07 14:17:17.695,25093,0.054443359375,-0.026123046875,0.986328125,0.7175572514533997,3.213740348815918,0.0,31.860000610351562,902.8021850585938,42493
2026-08-07 14:17:17.716,25094,0.052490234375,-0.0263671875,0.989990234375,0.6412213444709778,3.5114502906799316,-0.038167938590049744,31.860000610351562,902.8021850585938,63270
2026-08-07 14:17:17.736,25095,0.060546875,-0.030517578125,0.97802734375,0.6183205842971802,3.2977099418640137,-0.030534351244568825,31.860000610351562,902.8021850585938,40573
2026-08-07 14:17:17.756,25096,0.05419921875,-0.02734375,0.98388671875,0.6717557311058044,3.3740458488464355,-0.18320611119270325,31.860000610351562,902.8021850585938,65326
2026-08-07 14:17:17.776,25097,0.054931640625,-0.022216796875,0.984619140625,0.6641221642494202,3.2977099418640137,-0.015267175622284412,31.860000610351562,902.8225708007812,5430
2026-08-07 14:17:17.796,25098,0.050537109375,-0.024169921875,0.983642578125,0.5038167834281921,3.3664121627807617,-0.221374049782753,31.860000610351562,902.8225708007812,35060
2026-08-07 14:17:17.816,25099,0.047607421875,-0.031494140625,0.989013671875,0.6335877776145935,3.2671756744384766,0.09923664480447769,31.860000610351562,902.8225708007812,53213
2026-08-07 14:17:17.836,25100,0.052734375,-0.029052734375,0.986572265625,0.6106870174407959,3.2061069011688232,0.015267175622284412,31.860000610351562,902.8225708007812,13143
2026-08-07 14:17:17.857,25101,0.04443359375,-0.029541015625,0.98779296875,0.6030534505844116,3.0992367267608643,-0.030534351244568825,31.860000610351562,902.810546875,63409
2026-08-07 14:17:17.876,25102,0.049072265625,-0.026611328125,0.97998046875,0.8167939186096191,3.1526718139648438,0.3206106722354889,31.860000610351562,902.810546875,41026
2026-08-07 14:17:17.896,25103,0.051513671875,-0.02490234375,0.9853515625,0.45038166642189026,3.351145029067993,-0.06870228797197342,31.860000610351562,902.810546875,46498
2026-08-07 14:17:17.916,25104,0.0537109375,-0.029541015625,0.989501953125,0.6793892979621887,3.465648889541626,-0.12977099418640137,31.860000610351562,902.810546875,32996
2026-08-07 14:17:17.936,25105,0.06298828125,-0.026123046875,0.99267578125,0.6412213444709778,3.1526718139648438,0.20610687136650085,31.860000610351562,902.810546875,49955
2026-08-07 14:17:17.957,25106,0.056396484375,-0.028564453125,0.988525390625,0.6793892979621887,3.244274854660034,0.06870228797197342,31.860000610351562,902.822265625,44155
2026-08-07 14:17:17.976,25107,0.05712890625,-0.027587890625,0.98779296875,0.5648854970932007,3.1679389476776123,0.09160305559635162,31.860000610351562,902.822265625,24574
2026-08-07 14:17:17.996,25108,0.05224609375,-0.026611328125,0.986572265625,0.7404580116271973,3.4427480697631836,-0.04580152779817581,31.860000610351562,902.822265625,14640
2026-08-07 14:17:18.016,25109,0.0439453125,-0.03125,0.9794921875,0.5954198241233826,3.2290077209472656,0.1221374049782753,31.860000610351562,902.822265625,46649
2026-08-07 14:17:18.036,25110,0.050048828125,-0.02294921875,0.9755859375,0.39694657921791077,3.3816792964935303,0.04580152779817581,31.860000610351562,902.822265625,64298
2026-08-07 14:17:18.056,25111,0.0556640625,-0.024658203125,0.9833984375,0.47328245639801025,3.3435113430023193,0.221374049782753,31.860000610351562,902.822265625,7280
2026-08-07 14:17:18.076,25112,0.05029296875,-0.02783203125,0.988525390625,0.5343511700630188,3.282442808151245,-0.11450381577014923,31.850000381469727,902.78857421875,40943
2026-08-07 14:17:18.096,25113,0.056884765625,-0.02490234375,0.9931640625,0.4351145029067993,3.1679389476776123,0.06106870248913765,31.850000381469727,902.78857421875,20572
2026-08-07 14:17:18.116,25114,0.0576171875,-0.02294921875,0.9853515625,0.6412213444709778,3.282442808151245,0.030534351244568825,31.850000381469727,902.78857421875,3747
2026-08-07 14:17:18.136,25115,0.05517578125,-0.026123046875,0.9912109375,0.5954198241233826,3.3435113430023193,0.1450381726026535,31.850000381469727,902.78857421875,63749
2026-08-07 14:17:18.157,25116,0.05126953125,-0.029541015625,0.982177734375,0.6870229244232178,3.328244209289551,-0.1450381726026535,31.850000381469727,902.7982177734375,749
2026-08-07 14:17:18.176,25117,0.05224609375,-0.025146484375,0.987548828125,0.5267175436019897,3.0839693546295166,0.221374049782753,31.850000381469727,902.7982177734375,46607
2026-08-07 14:17:18.196,25118,0.05126953125,-0.02587890625,0.982177734375,0.7480915784835815,3.1603052616119385,0.10687022656202316,31.850000381469727,902.7982177734375,64564
2026-08-07 14:17:18.216,25119,0.051025390625,-0.027099609375,0.985107421875,0.6259542107582092,3.1297709941864014,0.09923664480447769,31.850000381469727,902.7982177734375,2839
2026-08-07 14:17:18.236,25120,0.05224609375,-0.0302734375,0.9833984375,0.5267175436019897,3.137404680252075,0.13740457594394684,31.850000381469727,902.7982177734375,49322
2026-08-07 14:17:18.256,25121,0.052734375,-0.025634765625,0.985107421875,0.6793892979621887,3.1603052616119385,-0.19083969295024872,31.850000381469727,902.7982177734375,3843
2026-08-07 14:17:18.276,25122,0.0498046875,-0.027099609375,0.9873046875,0.5877862572669983,3.4427480697631836,0.0,31.850000381469727,902.8029174804688,32743
2026-08-07 14:17:18.296,25123,0.052001953125,-0.029541015625,0.985595703125,0.49618321657180786,3.251908302307129,0.12977099418640137,31.850000381469727,902.8029174804688,6076
2026-08-07 14:17:18.316,25124,0.05126953125,-0.0244140625,0.984375,0.42748090624809265,3.14503812789917,-0.11450381577014923,31.850000381469727,902.8029174804688,60116
2026-08-07 14:17:18.336,25125,0.0556640625,-0.0234375,0.987060546875,0.6412213444709778,3.435114622116089,-0.06106870248913765,31.850000381469727,902.8029174804688,59421
2026-08-07 14:17:18.356,25126,0.052734375,-0.02783203125,0.987060546875,0.6030534505844116,3.2290077209472656,0.007633587811142206,31.850000381469727,902.8029174804688,37739
2026-08-07 14:17:18.376,25127,0.053466796875,-0.0283203125,0.983154296875,0.7862595319747925,3.4885497093200684,0.030534351244568825,31.84000015258789,902.7672119140625,7008
2026-08-07 14:17:18.396,25128,0.052734375,-0.02587890625,0.9853515625,0.580152690410614,3.1526718139648438,0.0,31.84000015258789,902.7672119140625,48580
2026-08-07 14:17:18.416,25129,0.052734375,-0.027587890625,0.98828125,0.5190839767456055,3.541984796524048,0.05343511328101158,31.84000015258789,902.7672119140625,40361
2026-08-07 14:17:18.436,25130,0.051513671875,-0.025390625,0.977783203125,0.5190839767456055,3.0458016395568848,-0.11450381577014923,31.84000015258789,902.7672119140625,42188
2026-08-07 14:17:18.456,25131,0.05419921875,-0.026123046875,0.988037109375,0.5954198241233826,3.3435113430023193,0.16030533611774445,31.84000015258789,902.7672119140625,41985
2026-08-07 14:17:18.476,25132,0.0546875,-0.025390625,0.98681640625,0.5038167834281921,3.183206081390381,0.10687022656202316,31.850000381469727,902.80615234375,7411
2026-08-07 14:17:18.496,25133,0.054931640625,-0.027099609375,0.980712890625,0.442748099565506,3.213740348815918,0.06106870248913765,31.850000381469727,902.80615234375,5433
2026-08-07 14:17:18.516,25134,0.0546875,-0.0244140625,0.983154296875,0.7938931584358215,3.572519063949585,0.11450381577014923,31.850000381469727,902.80615234375,46532
2026-08-07 14:17:18.536,25135,0.052734375,-0.030029296875,0.984619140625,0.580152690410614,3.496183156967163,0.038167938590049744,31.850000381469727,902.80615234375,29311
2026-08-07 14:17:18.557,25136,0.05517578125,-0.03125,0.98681640625,0.5038167834281921,3.2290077209472656,0.28244274854660034,31.84000015258789,902.7789306640625,11129
2026-08-07 14:17:18.576,25137,0.047607421875,-0.02392578125,0.98583984375,0.847328245639801,3.3816792964935303,-0.030534351244568825,31.84000015258789,902.7789306640625,61949
2026-08-07 14:17:18.596,25138,0.051513671875,-0.0224609375,0.989501953125,0.5496183037757874,3.2595419883728027,-0.06870228797197342,31.84000015258789,902.7789306640625,24041
2026-08-07 14:17:18.616,25139,0.05078125,-0.0283203125,0.983642578125,0.5954198241233826,3.2748091220855713,-0.19083969295024872,31.84000015258789,902.7789306640625,29396
2026-08-07 14:17:18.636,25140,0.0556640625,-0.027587890625,0.99072265625,0.6030534505844116,3.2061069011688232,0.030534351244568825,31.84000015258789,902.7789306640625,29527
2026-08-07 14:17:18.656,25141,0.0537109375,-0.0224609375,0.98388671875,0.6106870174407959,3.3053436279296875,0.04580152779817581,31.84000015258789,902.7789306640625,12013
2026-08-07 14:17:18.676,25142,0.054443359375,-0.025146484375,0.98681640625,0.5114504098892212,3.183206081390381,0.022900763899087906,31.850000381469727,902.7809448242188,63751
2026-08-07 14:17:18.696,25143,0.054443359375,-0.02783203125,0.986572265625,0.7938931584358215,3.1297709941864014,0.13740457594394684,31.850000381469727,902.7809448242188,45009
2026-08-07 14:17:18.716,25144,0.0576171875,-0.025146484375,0.985595703125,0.442748099565506,3.0152671337127686,0.12977099418640137,31.850000381469727,902.7809448242188,35191
2026-08-07 14:17:18.736,25145,0.055908203125,-0.02392578125,0.98046875,0.694656491279602,3.885496139526367,-0.08396946638822556,31.850000381469727,902.7809448242188,37499
2026-08-07 14:17:18.756,25146,0.056640625,-0.02490234375,0.989013671875,0.7022900581359863,3.389312982559204,0.0,31.850000381469727,902.7809448242188,30478
2026-08-07 14:17:18.776,25147,0.05078125,-0.028076171875,0.9833984375,0.7099236845970154,3.4732823371887207,0.19083969295024872,31.850000381469727,902.8008422851562,18986
2026-08-07 14:17:18.796,25148,0.05029296875,-0.025146484375,0.981689453125,0.572519063949585,3.2366411685943604,0.0,31.850000381469727,902.8008422851562,61061
2026-08-07 14:17:18.816,25149,0.0498046875,-0.02587890625,0.985107421875,0.7099236845970154,3.213740348815918,0.20610687136650085,31.850000381469727,902.8008422851562,14437
2026-08-07 14:17:18.836,25150,0.050048828125,-0.023193359375,0.987060546875,0.7938931584358215,3.351145029067993,-0.2748091518878937,31.850000381469727,902.8008422851562,53185
2026-08-07 14:17:18.858,25151,0.05224609375,-0.02734375,0.983154296875,0.5419847369194031,3.3740458488464355,0.022900763899087906,31.84000015258789,902.7938842773438,63963
2026-08-07 14:17:18.876,25152,0.052490234375,-0.0263671875,0.988525390625,0.5648854970932007,3.038167953491211,-0.015267175622284412,31.84000015258789,902.7938842773438,7389
2026-08-07 14:17:18.896,25153,0.05712890625,-0.025634765625,0.98486328125,0.694656491279602,3.3129770755767822,-0.09923664480447769,31.84000015258789,902.7938842773438,38641
2026-08-07 14:17:18.916,25154,0.0556640625,-0.02490234375,0.985107421875,0.6106870174407959,3.2366411685943604,0.05343511328101158,31.84000015258789,902.7938842773438,51231
2026-08-07 14:17:18.936,25155,0.0537109375,-0.024658203125,0.97998046875,0.5343511700630188,3.14503812789917,-0.09160305559635162,31.84000015258789,902.7938842773438,18202
2026-08-07 14:17:18.956,25156,0.05322265625,-0.0224609375,0.97900390625,0.5877862572669983,3.221374034881592,0.11450381577014923,31.84000015258789,902.7938842773438,53846
2026-08-07 14:17:18.976,25157,0.054443359375,-0.025634765625,0.982666015625,0.7862595319747925,3.389312982559204,-0.17557251453399658,31.84000015258789,902.786865234375,46712
2026-08-07 14:17:18.996,25158,0.04736328125,-0.029052734375,0.979736328125,0.6030534505844116,3.4122138023376465,-0.1221374049782753,31.84000015258789,902.786865234375,17194
2026-08-07 14:17:19.016,25159,0.05078125,-0.0263671875,0.9873046875,0.6564885377883911,3.3816792964935303,0.04580152779817581,31.84000015258789,902.786865234375,39538
2026-08-07 14:17:19.036,25160,0.053955078125,-0.031494140625,0.9873046875,0.48091602325439453,3.396946668624878,0.030534351244568825,31.84000015258789,902.786865234375,21092
2026-08-07 14:17:19.058,25161,0.054931640625,-0.02392578125,0.98583984375,0.5419847369194031,3.0610687732696533,0.04580152779817581,31.84000015258789,902.7987670898438,3887
2026-08-07 14:17:19.076,25162,0.054443359375,-0.026611328125,0.988525390625,0.5114504098892212,3.1679389476776123,0.038167938590049744,31.84000015258789,902.7987670898438,15792
2026-08-07 14:17:19.096,25163,0.053466796875,-0.02978515625,0.988525390625,0.5419847369194031,3.221374034881592,0.0,31.84000015258789,902.7987670898438,14518
2026-08-07 14:17:19.116,25164,0.054931640625,-0.02392578125,0.98095703125,0.7099236845970154,3.351145029067993,-0.13740457594394684,31.84000015258789,902.7987670898438,33175
2026-08-07 14:17:19.136,25165,0.05419921875,-0.02197265625,0.982666015625,0.5114504098892212,3.4427480697631836,-0.030534351244568825,31.84000015258789,902.7987670898438,63997
2026-08-07 14:17:19.158,25166,0.055908203125,-0.024658203125,0.98486328125,0.5267175436019897,3.221374034881592,0.1679389327764511,31.84000015258789,902.786865234375,29157
2026-08-07 14:17:19.176,25167,0.048583984375,-0.03125,0.98291015625,0.4580152630805969,3.1297709941864014,-0.05343511328101158,31.84000015258789,902.786865234375,6130
2026-08-07 14:17:19.196,25168,0.055419921875,-0.026611328125,0.985107421875,0.5343511700630188,3.3053436279296875,-0.17557251453399658,31.84000015258789,902.786865234375,53712
2026-08-07 14:17:19.216,25169,0.0458984375,-0.025390625,0.984375,0.5190839767456055,3.137404680252075,0.10687022656202316,31.84000015258789,902.786865234375,26651
2026-08-07 14:17:19.236,25170,0.050537109375,-0.027099609375,0.984130859375,0.3664122223854065,3.496183156967163,-0.06106870248913765,31.84000015258789,902.786865234375,28104
2026-08-07 14:17:19.256,25171,0.052001953125,-0.0283203125,0.988037109375,0.9160305261611938,3.2748091220855713,-0.09923664480447769,31.84000015258789,902.786865234375,28071
